CustomerID,Age,Gender,Location,Tenure_Months,Total_Spend,Num_Purchases,Last_Purchase_Days_Ago,Satisfaction_Score,Membership_Type,Complaints,Used_Discount,Churn,Avg_Monthly_Spend
1001,56.0,1,3,6,72853.0,47,71,5,0,1,1,0,12142.166666666666
1002,46.0,0,2,32,65046.0,4,48,1,0,1,1,0,2032.6875
1003,32.0,0,3,29,50678.0,28,18,2,2,3,1,1,1747.5172413793102
1004,60.0,0,3,43,27649.0,12,144,1,1,1,0,1,643.0
1005,25.0,1,3,2,89668.0,38,39,2,2,0,0,0,44834.0
1006,38.0,1,3,23,83325.0,36,89,5,1,0,0,0,3622.8260869565215
1007,56.0,1,1,19,15567.0,47,62,4,0,4,1,1,819.3157894736842
1008,36.0,1,0,31,81404.0,41,141,3,1,3,1,1,2625.935483870968
1009,40.0,1,1,51,90906.0,5,109,1,0,0,1,1,1782.4705882352941
1010,28.0,1,2,5,97019.0,13,81,5,0,3,1,1,19403.8
1011,28.0,1,1,19,62944.0,23,134,4,1,3,1,1,3312.842105263158
1012,41.0,1,1,34,79002.0,30,77,5,0,4,0,1,2323.5882352941176
1013,53.0,0,2,10,29803.0,37,90,1,1,3,1,1,2980.3
1014,57.0,0,2,25,19230.0,25,14,3,0,1,0,0,769.2
1015,41.0,1,2,2,18862.0,48,95,5,2,3,1,1,9431.0
1016,20.0,1,1,11,44355.0,27,54,2,2,4,0,1,4032.2727272727275
1017,42.0,0,1,50,32259.0,14,132,4,0,4,0,1,645.18
1018,19.0,1,2,31,88445.0,48,39,5,0,4,0,1,2853.064516129032
1019,41.0,1,0,56,31795.0,47,72,4,1,0,0,0,567.7678571428571
1020,61.0,1,0,15,9770.0,36,25,2,2,1,1,0,651.3333333333334
1021,47.0,0,3,9,12093.0,39,77,3,1,0,1,0,1343.6666666666667
1022,55.0,0,2,23,47571.0,16,160,3,0,2,1,0,2068.304347826087
1023,19.0,0,3,19,1193.0,22,166,2,0,1,0,1,62.78947368421053
1024,38.0,0,0,9,18569.0,21,120,4,1,3,1,1,2063.222222222222
1025,50.0,0,3,35,12190.0,21,53,5,0,4,1,1,348.2857142857143
1026,29.0,1,2,21,63824.0,8,156,2,2,2,1,1,3039.2380952380954
1027,39.0,0,2,9,43752.0,49,131,1,1,1,1,1,4861.333333333333
1028,42.0,1,2,28,33327.0,16,150,4,2,0,0,0,1190.25
1029,42.0,1,1,46,43070.0,31,96,3,2,4,0,1,936.304347826087
1030,44.0,0,3,51,86925.0,42,166,2,2,0,1,1,1704.4117647058824
1031,42.0,0,0,7,41197.0,10,72,3,1,1,1,0,5885.285714285715
1032,45.0,1,0,16,3261.0,32,62,4,0,1,1,0,203.8125
1033,33.0,1,0,16,94905.0,34,6,3,2,2,0,0,5931.5625
1034,32.0,1,1,33,27512.0,9,32,2,2,3,0,1,833.6969696969697
1035,64.0,0,1,4,7716.0,17,99,4,2,0,0,0,1929.0
1036,61.0,0,2,4,87795.0,11,138,1,0,2,1,1,21948.75
1037,20.0,0,0,39,29933.0,32,131,2,0,4,0,1,767.5128205128206
1038,54.0,0,1,40,5378.0,10,76,5,1,3,0,1,134.45
1039,24.0,0,2,17,41583.0,22,177,2,0,2,0,1,2446.0588235294117
1040,38.0,1,0,37,86371.0,17,59,4,1,0,0,0,2334.3513513513512
1041,26.0,0,3,39,30033.0,4,31,2,1,1,0,0,770.0769230769231
1042,56.0,1,2,52,25000.0,48,93,1,1,4,1,1,480.7692307692308
1043,35.0,1,1,29,76868.0,47,69,1,1,0,1,0,2650.6206896551726
1044,21.0,1,1,52,43604.0,25,52,5,1,3,1,1,838.5384615384615
1045,42.0,0,2,36,69336.0,21,89,3,2,3,1,1,1926.0
1046,31.0,0,2,38,96074.0,37,127,4,0,1,0,0,2528.2631578947367
1047,26.0,0,1,39,96655.0,38,169,4,2,1,1,0,2478.3333333333335
1048,43.0,1,3,50,74869.0,49,31,3,1,4,1,1,1497.38
1049,19.0,1,0,37,6410.0,1,84,1,0,4,1,1,173.24324324324326
1050,37.0,1,3,52,84375.0,25,127,1,2,1,0,1,1622.5961538461538
1051,45.0,1,2,35,57044.0,36,150,2,2,1,1,1,1629.8285714285714
1052,42.0,1,3,7,64315.0,17,132,5,1,3,0,1,9187.857142857143
1053,42.0,1,1,27,97055.0,41,13,5,2,1,0,0,3594.6296296296296
1054,42.0,0,2,28,72344.0,24,45,5,2,2,0,0,2583.714285714286
1055,25.0,0,0,22,7796.0,2,127,2,2,0,1,1,354.3636363636364
1056,64.0,0,1,14,50133.5,40,170,5,2,1,0,0,3580.964285714286
1057,52.0,0,1,7,55245.0,15,114,3,2,4,1,1,7892.142857142857
1058,42.0,1,0,37,44056.0,32,177,2,1,2,1,1,1190.7027027027027
1059,34.0,1,0,22,18709.0,39,20,3,1,4,1,1,850.4090909090909
1060,53.0,0,3,5,59557.0,6,81,2,2,2,0,0,11911.4
1061,57.0,1,2,55,18543.0,1,164,5,1,1,0,0,337.1454545454545
1062,21.0,0,0,2,38418.0,47,129,3,1,0,1,0,19209.0
1063,19.0,0,0,27,95611.0,23,143,3,0,4,0,1,3541.1481481481483
1064,23.0,0,2,21,97038.0,39,17,3,2,2,0,0,4620.857142857143
1065,59.0,1,0,54,17724.0,17,152,2,1,3,0,1,328.22222222222223
1066,21.0,0,0,38,4828.0,34,58,4,1,1,1,0,127.05263157894737
1067,42.0,0,3,15,18087.0,41,72,5,2,0,0,0,1205.8
1068,35.0,0,1,21,13605.0,29,109,3,0,1,0,0,647.8571428571429
1069,43.0,1,1,10,32337.0,9,23,4,2,3,1,1,3233.7
1070,61.0,1,1,23,6482.0,13,174,5,0,0,0,0,281.82608695652175
1071,51.0,0,1,58,66333.0,6,72,5,2,3,1,1,1143.6724137931035
1072,27.0,1,0,56,93541.0,6,8,3,2,1,0,0,1670.375
1073,53.0,1,2,39,89296.0,20,59,3,2,2,0,0,2289.641025641026
1074,31.0,1,2,5,51952.0,3,111,2,2,1,0,1,10390.4
1075,48.0,1,3,1,6463.0,17,13,4,0,1,0,0,6463.0
1076,32.0,1,3,13,71448.0,49,167,4,0,1,0,0,5496.0
1077,25.0,1,0,21,5648.0,12,156,3,1,4,0,1,268.95238095238096
1078,31.0,1,2,26,34623.0,48,16,5,2,3,1,1,1331.6538461538462
1079,40.0,1,2,50,60156.0,47,119,3,0,3,0,1,1203.12
1080,57.0,1,1,45,36634.0,45,2,5,0,3,0,1,814.0888888888888
1081,38.0,1,0,21,45602.0,1,145,5,0,4,0,1,2171.5238095238096
1082,33.0,0,0,53,50334.0,17,30,3,2,2,1,0,949.6981132075472
1083,62.0,0,1,18,69648.0,3,103,1,1,1,1,1,3869.3333333333335
1084,35.0,1,0,37,23054.0,26,13,4,0,2,1,0,623.081081081081
1085,64.0,0,0,45,71028.0,15,96,5,2,4,0,1,1578.4
1086,41.0,0,3,32,23207.0,36,94,5,0,3,0,1,725.21875
1087,43.0,1,2,36,81650.0,32,82,1,0,1,1,0,2268.0555555555557
1088,42.0,1,0,17,82554.0,32,13,2,1,0,1,0,4856.117647058823
1089,62.0,1,3,35,22386.0,4,171,1,0,0,1,1,639.6
1090,58.0,0,2,49,84276.0,18,94,1,0,2,0,1,1719.9183673469388
1091,46.0,0,1,11,60518.0,49,149,5,2,3,1,1,5501.636363636364
1092,32.0,1,3,21,50133.5,19,112,4,2,0,0,0,2387.309523809524
1093,62.0,1,3,52,53780.0,43,55,1,1,2,0,0,1034.2307692307693
1094,18.0,1,2,55,62440.0,35,81,2,2,4,0,1,1135.2727272727273
1095,42.0,0,1,53,45199.0,40,168,3,2,2,1,0,852.811320754717
1096,24.0,0,3,26,62035.0,14,116,1,1,2,0,1,2385.9615384615386
1097,26.0,0,0,4,9210.0,33,143,1,0,2,1,1,2302.5
1098,41.0,0,0,34,45363.0,14,108,2,1,1,1,1,1334.2058823529412
1099,18.0,1,0,52,79279.0,34,53,4,2,2,1,0,1524.5961538461538
1100,61.0,1,1,48,61348.0,4,128,1,1,2,1,1,1278.0833333333333
1101,25.0,1,3,18,50133.5,24,158,1,0,1,0,1,2785.1944444444443
1102,41.0,1,0,40,73124.0,29,161,4,1,1,0,0,1828.1
1103,28.0,0,1,35,69847.0,19,57,2,2,4,0,1,1995.6285714285714
1104,42.0,0,0,41,23432.0,6,52,1,2,3,0,1,571.5121951219512
1105,42.0,1,2,29,65089.0,33,137,4,1,0,1,0,2244.448275862069
1106,52.0,1,3,52,56398.0,49,111,1,0,0,1,1,1084.576923076923
1107,52.0,0,3,29,4321.0,40,1,3,1,2,1,0,149.0
1108,50.0,1,1,38,82348.0,19,44,5,0,4,1,1,2167.0526315789475
1109,22.0,0,1,42,50133.5,1,75,3,0,2,0,0,1193.654761904762
1110,59.0,1,3,21,79682.0,5,98,1,1,0,1,1,3794.3809523809523
1111,56.0,1,0,42,80190.0,27,9,2,0,1,0,0,1909.2857142857142
1112,58.0,1,0,13,53893.0,16,32,5,2,3,1,1,4145.615384615385
1113,45.0,1,2,49,36820.0,6,15,3,1,4,1,1,751.4285714285714
1114,24.0,1,0,41,67262.0,40,140,4,0,1,1,0,1640.5365853658536
1115,26.0,1,1,17,4760.0,13,136,2,2,3,1,1,280.0
1116,25.0,1,1,56,23190.0,48,72,3,1,4,0,1,414.10714285714283
1117,29.0,0,0,9,68411.0,35,155,4,2,4,0,1,7601.222222222223
1118,51.0,0,1,41,24377.0,19,12,1,2,0,0,0,594.560975609756
1119,50.0,0,3,1,47737.0,12,65,4,2,1,0,0,47737.0
1120,40.0,0,3,2,70569.0,16,107,3,0,4,1,1,35284.5
1121,41.0,0,0,48,39211.0,43,42,3,1,4,1,1,816.8958333333334
1122,54.0,1,3,29,83909.0,10,115,1,1,3,0,1,2893.4137931034484
1123,52.0,1,3,33,4744.0,25,139,4,0,0,0,0,143.75757575757575
1124,61.0,0,2,10,25995.0,20,103,4,1,2,1,0,2599.5
1125,57.0,1,2,50,17977.0,31,171,1,2,0,1,1,359.54
1126,39.0,0,3,58,98938.0,4,95,4,1,2,0,0,1705.8275862068965
1127,44.0,0,0,40,35542.0,44,17,1,0,1,0,0,888.55
1128,52.0,1,2,21,11651.0,23,160,2,2,1,0,1,554.8095238095239
1129,18.0,1,1,28,79931.0,2,85,3,0,4,1,1,2854.6785714285716
1130,52.0,1,1,11,96344.0,22,168,2,2,1,0,1,8758.545454545454
1131,54.0,0,1,55,17715.0,37,151,5,2,4,0,1,322.09090909090907
1132,64.0,1,0,34,45409.0,8,56,5,1,0,0,0,1335.5588235294117
1133,31.0,0,3,8,25306.0,7,134,5,2,1,0,0,3163.25
1134,20.0,0,1,59,20086.0,14,86,1,0,0,0,0,340.4406779661017
1135,42.0,0,0,22,15376.0,3,178,4,1,0,1,0,698.9090909090909
1136,22.0,1,2,8,62350.0,16,102,2,0,1,0,1,7793.75
1137,43.0,1,3,49,72425.0,19,165,2,2,0,1,1,1478.061224489796
1138,31.0,0,2,15,37636.0,18,54,2,0,1,0,0,2509.0666666666666
1139,56.0,1,0,17,87120.0,16,177,2,0,1,0,1,5124.705882352941
1140,44.0,1,1,23,52649.0,8,115,5,2,1,0,0,2289.086956521739
1141,26.0,1,1,24,35610.0,33,139,2,1,2,1,1,1483.75
1142,32.0,0,0,45,11058.0,49,88,4,0,0,1,0,245.73333333333332
1143,32.0,0,1,19,75637.0,12,49,5,2,3,1,1,3980.8947368421054
1144,43.0,1,3,5,79033.0,11,149,2,1,1,0,1,15806.6
1145,59.0,0,0,32,71194.0,5,115,1,1,0,0,1,2224.8125
1146,30.0,1,2,44,77917.0,27,63,3,1,4,1,1,1770.840909090909
1147,49.0,1,0,1,65200.0,12,104,3,0,1,1,0,65200.0
1148,56.0,1,3,23,47619.0,17,83,3,0,1,0,0,2070.391304347826
1149,49.0,1,3,37,18154.0,6,103,5,0,3,1,1,490.64864864864865
1150,21.0,0,0,8,20539.0,33,156,2,1,2,0,1,2567.375
1151,47.0,0,0,13,61058.0,5,17,5,0,2,1,0,4696.7692307692305
1152,54.0,0,1,8,63068.0,28,6,4,2,1,1,0,7883.5
1153,40.0,1,3,57,78313.0,14,147,1,0,0,1,1,1373.9122807017543
1154,56.0,1,0,23,31373.0,5,28,1,0,4,0,1,1364.0434782608695
1155,62.0,1,0,43,34154.0,33,38,3,1,4,0,1,794.2790697674419
1156,32.0,0,3,1,7031.0,48,119,3,0,0,1,0,7031.0
1157,60.0,1,0,45,94533.0,41,37,3,2,1,0,0,2100.733333333333
1158,42.0,0,1,51,72975.0,19,115,2,1,4,0,1,1430.8823529411766
1159,53.0,0,3,24,23785.0,22,68,4,2,2,0,0,991.0416666666666
1160,30.0,0,1,35,79928.0,5,177,4,1,0,0,0,2283.657142857143
1161,49.0,0,1,24,29669.0,2,43,4,1,3,1,1,1236.2083333333333
1162,24.0,0,1,17,95475.0,30,164,4,0,1,0,0,5616.176470588235
1163,39.0,0,1,5,3282.0,47,58,3,2,0,0,0,656.4
1164,45.0,1,3,20,35624.0,39,13,1,1,4,1,1,1781.2
1165,19.0,1,1,21,49438.0,4,52,3,0,1,0,0,2354.190476190476
1166,59.0,0,1,40,90900.0,33,58,4,1,2,0,0,2272.5
1167,62.0,0,0,58,68534.0,13,32,3,1,1,0,0,1181.6206896551723
1168,23.0,1,3,31,50133.5,20,105,4,1,1,1,0,1617.2096774193549
1169,45.0,0,3,46,39244.0,7,83,5,1,2,1,0,853.1304347826087
1170,45.0,0,2,36,75964.0,15,99,1,1,2,0,1,2110.1111111111113
1171,61.0,1,3,11,38437.0,23,104,5,1,1,0,0,3494.2727272727275
1172,61.0,0,3,52,78872.0,14,28,2,0,2,1,0,1516.7692307692307
1173,37.0,0,2,15,75878.0,23,129,3,1,0,1,0,5058.533333333334
1174,47.0,0,3,19,73982.0,19,170,2,2,2,1,1,3893.7894736842104
1175,28.0,1,3,7,51583.0,29,48,3,0,2,0,0,7369.0
1176,45.0,1,3,51,39392.0,20,40,5,2,1,0,0,772.3921568627451
1177,42.0,1,3,28,8461.0,29,97,4,1,0,1,0,302.17857142857144
1178,56.0,0,2,51,11516.0,24,114,4,2,3,0,1,225.80392156862746
1179,50.0,0,3,43,80285.0,18,132,3,1,3,0,1,1867.093023255814
1180,18.0,1,3,58,18514.0,10,166,4,1,4,0,1,319.2068965517241
1181,44.0,0,2,5,37268.0,41,155,5,0,2,0,0,7453.6
1182,30.0,0,0,5,91486.0,8,137,4,0,2,0,0,18297.2
1183,58.0,0,1,30,37788.0,26,111,5,1,0,0,0,1259.6
1184,20.0,0,0,54,76749.0,29,144,2,0,3,0,1,1421.2777777777778
1185,56.0,0,2,32,62049.0,10,76,5,2,4,1,1,1939.03125
1186,23.0,1,1,8,63493.0,17,31,1,0,0,1,0,7936.625
1187,25.0,0,2,10,37027.0,2,119,1,0,2,1,1,3702.7
1188,44.0,1,2,38,94547.0,6,142,1,2,3,1,1,2488.0789473684213
1189,26.0,0,3,47,43849.0,5,25,3,0,4,1,1,932.9574468085107
1190,54.0,1,1,32,18858.0,28,34,3,1,1,1,0,589.3125
1191,50.0,0,3,48,85162.0,41,67,3,2,3,1,1,1774.2083333333333
1192,59.0,1,1,28,80003.0,5,152,5,1,4,1,1,2857.25
1193,61.0,0,2,17,53395.0,18,118,3,2,0,1,0,3140.8823529411766
1194,41.0,1,2,31,40758.0,26,73,2,1,1,0,0,1314.774193548387
1195,32.0,0,0,8,55312.0,20,26,1,1,4,0,1,6914.0
1196,49.0,1,1,40,69670.0,41,148,5,0,4,1,1,1741.75
1197,49.0,0,3,25,83279.0,49,104,1,1,2,0,1,3331.16
1198,41.0,1,0,9,16434.0,27,10,3,0,3,0,1,1826.0
1199,58.0,1,0,2,65047.0,49,67,5,2,2,1,0,32523.5
1200,29.0,0,0,15,48775.0,12,152,4,1,1,1,0,3251.6666666666665
1201,56.0,0,3,50,76769.0,7,5,2,1,4,1,1,1535.38
1202,19.0,1,0,3,67677.0,3,27,3,2,2,0,0,22559.0
1203,20.0,0,3,49,84555.0,10,113,3,2,3,0,1,1725.6122448979593
1204,42.0,1,0,36,86920.0,34,15,2,1,1,1,0,2414.4444444444443
1205,34.0,1,3,4,46734.0,25,163,2,2,0,0,1,11683.5
1206,19.0,1,2,14,89503.0,35,105,4,0,2,0,0,6393.071428571428
1207,19.0,0,2,41,41603.0,16,44,3,2,1,0,0,1014.7073170731708
1208,45.0,1,2,41,77708.0,2,26,3,2,0,1,0,1895.3170731707316
1209,40.0,1,2,25,82926.0,24,175,1,1,2,0,1,3317.04
1210,42.0,0,2,58,69803.0,10,162,5,0,1,0,0,1203.5
1211,49.0,0,0,55,40332.0,38,95,5,2,1,0,0,733.3090909090909
1212,50.0,0,0,50,92703.0,22,178,1,0,2,0,1,1854.06
1213,18.0,0,0,10,22312.0,26,84,5,0,1,0,0,2231.2
1214,36.0,1,3,21,94376.0,43,140,2,0,4,0,1,4494.0952380952385
1215,19.0,1,3,36,85526.0,39,132,5,1,2,0,0,2375.722222222222
1216,61.0,1,3,12,45179.0,27,87,5,2,1,1,0,3764.9166666666665
1217,43.0,1,3,27,72442.0,29,176,1,1,0,1,1,2683.037037037037
1218,49.0,0,2,40,50133.5,47,112,4,2,0,0,0,1253.3375
1219,23.0,1,2,2,18297.0,38,129,5,2,4,1,1,9148.5
1220,49.0,1,2,54,3011.0,20,89,5,1,2,0,0,55.75925925925926
1221,21.0,0,1,13,45014.0,27,66,4,0,1,0,0,3462.6153846153848
1222,28.0,1,0,53,50133.5,41,158,1,0,1,0,1,945.9150943396227
1223,34.0,1,3,32,95333.0,20,131,4,2,0,1,0,2979.15625
1224,55.0,1,3,31,48498.0,44,122,1,1,4,0,1,1564.4516129032259
1225,41.0,1,2,16,12120.0,19,149,2,0,0,0,1,757.5
1226,22.0,1,3,32,9767.0,20,84,1,0,0,1,0,305.21875
1227,51.0,1,3,32,23852.0,35,177,2,2,4,1,1,745.375
1228,23.0,0,0,34,80239.0,47,116,2,2,2,0,1,2359.970588235294
1229,42.0,0,2,11,1929.0,2,116,1,1,1,1,1,175.36363636363637
1230,28.0,1,0,10,78487.0,30,38,3,2,2,1,0,7848.7
1231,33.0,1,1,15,92575.0,34,143,1,0,3,0,1,6171.666666666667
1232,50.0,0,1,17,96040.0,22,110,5,0,3,0,1,5649.411764705882
1233,26.0,1,1,40,18438.0,3,46,5,0,3,0,1,460.95
1234,23.0,1,2,18,49515.0,6,25,3,0,4,1,1,2750.8333333333335
1235,33.0,1,3,55,6744.0,15,21,2,1,0,1,0,122.61818181818182
1236,46.0,0,2,9,84820.0,27,121,3,1,2,1,0,9424.444444444445
1237,20.0,1,2,25,43417.0,10,122,5,2,1,0,0,1736.68
1238,37.0,0,3,40,8069.0,9,133,3,2,3,1,1,201.725
1239,53.0,1,0,59,43359.0,33,70,1,2,2,1,0,734.8983050847457
1240,36.0,0,1,14,20799.0,32,113,3,1,3,0,1,1485.642857142857
1241,43.0,0,0,58,99746.0,48,107,2,0,3,0,1,1719.7586206896551
1242,20.0,1,1,25,94762.0,6,112,1,2,1,0,1,3790.48
1243,36.0,0,2,50,71188.0,41,108,4,0,4,1,1,1423.76
1244,37.0,1,1,22,90859.0,36,47,5,2,0,0,0,4129.954545454545
1245,49.0,0,2,52,8597.0,2,91,5,2,4,1,1,165.32692307692307
1246,24.0,1,0,30,48093.0,29,18,3,2,2,1,0,1603.1
1247,58.0,1,2,20,38226.0,4,149,1,2,4,0,1,1911.3
1248,50.0,0,0,21,73127.0,1,104,4,2,2,0,0,3482.2380952380954
1249,57.0,1,3,44,92369.0,19,151,1,0,2,0,1,2099.2954545454545
1250,56.0,1,3,32,78362.0,26,40,5,2,0,0,0,2448.8125
1251,35.0,0,3,51,27417.0,25,138,1,0,1,0,1,537.5882352941177
1252,57.0,1,2,46,19693.0,10,89,4,1,0,1,0,428.10869565217394
1253,42.0,1,3,49,80674.0,15,61,3,2,4,1,1,1646.408163265306
1254,28.0,0,1,56,54161.0,22,5,2,0,2,1,0,967.1607142857143
1255,45.0,0,0,21,3169.0,48,122,1,1,3,0,1,150.9047619047619
1256,42.0,1,0,35,85092.0,21,55,2,1,3,1,1,2431.2
1257,40.0,1,1,58,23052.0,22,37,5,1,2,0,0,397.44827586206895
1258,48.0,0,2,32,72849.0,36,56,3,0,0,0,0,2276.53125
1259,47.0,0,2,30,74851.0,34,102,3,2,1,1,0,2495.0333333333333
1260,59.0,1,0,55,9036.0,30,93,1,2,0,1,1,164.29090909090908
1261,52.0,0,3,39,32778.0,25,73,3,0,2,0,0,840.4615384615385
1262,24.0,1,2,49,28734.0,45,59,1,2,2,1,0,586.4081632653061
1263,33.0,1,2,12,24173.0,28,2,1,0,1,0,0,2014.4166666666667
1264,43.0,1,1,41,31403.0,1,104,2,2,4,1,1,765.9268292682926
1265,19.0,1,1,47,67321.0,49,51,3,1,4,1,1,1432.3617021276596
1266,42.0,1,3,18,72675.0,45,30,1,2,1,1,0,4037.5
1267,29.0,0,2,21,7344.0,4,11,2,0,4,1,1,349.7142857142857
1268,22.0,0,2,13,19800.0,7,108,4,0,3,1,1,1523.076923076923
1269,54.0,0,1,21,26372.0,49,76,2,1,4,0,1,1255.8095238095239
1270,49.0,0,2,8,62516.0,9,167,2,0,4,1,1,7814.5
1271,26.0,1,0,46,21538.0,36,90,1,2,4,1,1,468.2173913043478
1272,58.0,1,1,40,64918.0,19,123,5,2,3,1,1,1622.95
1273,52.0,1,3,46,15973.0,1,125,5,1,4,0,1,347.2391304347826
1274,36.0,1,1,7,72155.0,10,122,5,0,3,0,1,10307.857142857143
1275,33.0,0,2,23,60500.0,36,94,2,1,1,0,1,2630.4347826086955
1276,42.0,1,3,44,37575.0,9,103,1,2,0,0,1,853.9772727272727
1277,37.0,1,1,32,43261.0,45,162,3,1,1,0,0,1351.90625
1278,41.0,0,0,11,50133.5,46,31,2,0,0,1,0,4557.590909090909
1279,50.0,0,0,22,4236.0,42,52,2,1,1,1,0,192.54545454545453
1280,41.0,0,1,22,16848.0,32,89,1,0,0,1,0,765.8181818181819
1281,28.0,0,0,43,3352.0,32,76,4,0,0,0,0,77.95348837209302
1282,25.0,1,0,25,2932.0,6,129,2,2,2,0,1,117.28
1283,53.0,1,0,22,77449.0,48,22,4,2,0,1,0,3520.409090909091
1284,55.0,0,3,28,9556.0,38,40,4,2,0,0,0,341.2857142857143
1285,57.0,1,0,29,87836.0,17,101,5,0,2,0,0,3028.8275862068967
1286,37.0,1,0,13,6498.0,10,111,1,1,4,0,1,499.84615384615387
1287,52.0,1,0,18,77118.0,27,129,4,0,4,1,1,4284.333333333333
1288,42.0,0,3,2,51098.0,35,65,1,2,2,1,0,25549.0
1289,52.0,1,1,29,65386.0,21,170,5,2,3,0,1,2254.689655172414
1290,42.0,0,2,21,10569.0,25,149,1,1,0,0,1,503.2857142857143
1291,46.0,1,0,15,57882.0,28,79,2,2,0,0,0,3858.8
1292,35.0,1,1,52,71393.0,47,22,4,2,2,0,0,1372.9423076923076
1293,63.0,1,0,27,1340.0,15,166,1,2,2,1,1,49.629629629629626
1294,42.0,0,3,50,44949.0,4,99,3,1,3,0,1,898.98
1295,42.0,1,1,31,83302.0,29,8,1,0,4,1,1,2687.1612903225805
1296,52.0,0,3,15,63443.0,9,175,4,2,1,1,0,4229.533333333334
1297,42.0,0,0,51,92668.0,27,17,5,1,4,1,1,1817.0196078431372
1298,58.0,0,0,23,75027.0,26,17,5,2,0,0,0,3262.0434782608695
1299,42.0,1,3,24,1138.0,19,90,4,1,2,1,0,47.416666666666664
1300,50.0,1,2,44,1358.0,28,141,2,2,3,1,1,30.863636363636363
1301,21.0,1,3,13,76250.0,17,145,2,1,4,0,1,5865.384615384615
1302,50.0,1,0,22,86376.0,43,166,5,2,3,0,1,3926.181818181818
1303,31.0,0,3,43,31654.0,41,81,5,0,4,0,1,736.1395348837209
1304,38.0,0,2,37,26879.0,42,78,4,2,0,1,0,726.4594594594595
1305,37.0,0,3,33,82532.0,20,173,2,1,1,0,1,2500.969696969697
1306,25.0,1,2,56,56778.0,45,6,5,2,3,1,1,1013.8928571428571
1307,24.0,0,2,3,38772.0,40,163,2,0,3,1,1,12924.0
1308,20.0,1,3,54,59478.0,39,110,5,2,1,0,0,1101.4444444444443
1309,34.0,0,3,19,65353.0,49,14,1,1,3,1,1,3439.6315789473683
1310,50.0,1,1,23,27762.0,23,72,3,1,3,1,1,1207.0434782608695
1311,29.0,1,0,29,14283.0,47,143,1,0,4,1,1,492.51724137931035
1312,39.0,0,2,30,64922.0,32,54,5,1,4,1,1,2164.0666666666666
1313,39.0,0,1,39,40420.0,47,27,3,2,1,0,0,1036.4102564102564
1314,63.0,0,3,44,56568.0,33,13,3,2,0,1,0,1285.6363636363637
1315,47.0,0,0,47,86090.0,46,159,5,2,3,0,1,1831.7021276595744
1316,55.0,1,1,25,21219.0,5,163,5,1,0,1,0,848.76
1317,55.0,0,2,37,50133.5,43,60,2,2,1,1,0,1354.9594594594594
1318,62.0,0,1,47,75965.0,48,6,5,2,1,0,0,1616.276595744681
1319,25.0,0,2,8,47840.0,34,58,4,2,4,1,1,5980.0
1320,44.0,1,3,42,45695.0,40,49,5,0,3,1,1,1087.9761904761904
1321,44.0,1,0,58,85754.0,11,151,4,1,2,1,0,1478.5172413793102
1322,51.0,0,0,16,78988.0,3,162,5,1,1,1,0,4936.75
1323,38.0,1,0,8,59342.0,33,26,2,1,3,1,1,7417.75
1324,47.0,0,3,1,19951.0,11,47,4,0,0,1,0,19951.0
1325,50.0,1,2,44,2307.0,16,5,1,1,4,0,1,52.43181818181818
1326,45.0,1,3,5,81388.0,18,20,4,0,0,0,0,16277.6
1327,64.0,1,0,3,91768.0,30,134,2,0,1,0,1,30589.333333333332
1328,50.0,1,3,1,36428.0,48,59,4,1,1,1,0,36428.0
1329,22.0,0,3,4,93021.0,10,146,5,2,0,1,0,23255.25
1330,36.0,0,3,40,76774.0,18,132,5,2,1,1,0,1919.35
1331,21.0,0,2,35,39975.0,38,17,2,1,3,0,1,1142.142857142857
1332,52.0,1,1,32,50133.5,19,14,3,1,1,1,0,1566.671875
1333,34.0,0,1,42,25842.0,36,13,5,0,4,0,1,615.2857142857143
1334,61.0,0,3,34,27421.0,13,135,1,1,3,1,1,806.5
1335,42.0,0,1,43,2708.0,46,128,2,0,2,1,1,62.97674418604651
1336,47.0,1,1,25,4630.0,3,44,4,1,1,1,0,185.2
1337,46.0,1,3,10,20595.0,10,119,4,2,1,0,0,2059.5
1338,63.0,1,3,21,77021.0,38,143,1,2,4,1,1,3667.6666666666665
1339,23.0,0,0,46,29308.0,1,19,5,1,4,0,1,637.1304347826087
1340,52.0,0,1,39,45789.0,27,63,2,0,0,1,0,1174.076923076923
1341,58.0,0,2,27,56690.0,46,163,1,2,0,1,1,2099.6296296296296
1342,54.0,1,3,27,27086.0,8,81,5,0,0,0,0,1003.1851851851852
1343,41.0,1,0,2,17859.0,46,163,2,1,4,1,1,8929.5
1344,46.0,0,2,41,8684.0,42,147,4,1,0,1,0,211.8048780487805
1345,63.0,1,1,48,92088.0,17,148,2,2,0,1,1,1918.5
1346,48.0,1,0,13,2207.0,9,100,3,1,2,1,0,169.76923076923077
1347,52.0,1,3,9,47099.0,6,163,2,2,0,0,1,5233.222222222223
1348,50.0,1,2,52,68496.0,43,160,3,0,1,0,0,1317.2307692307693
1349,38.0,0,3,36,67093.0,25,122,2,2,4,1,1,1863.6944444444443
1350,49.0,1,1,22,30689.0,39,176,3,2,3,1,1,1394.9545454545455
1351,42.0,1,2,42,49651.0,49,44,4,0,2,0,0,1182.1666666666667
1352,50.0,1,1,26,14893.0,28,104,5,2,4,1,1,572.8076923076923
1353,20.0,1,1,58,98808.0,33,152,3,2,4,0,1,1703.5862068965516
1354,35.0,0,0,54,67418.0,37,61,3,1,1,1,0,1248.4814814814815
1355,42.0,0,3,12,61011.0,9,125,4,0,0,0,0,5084.25
1356,59.0,1,2,17,39635.0,18,145,3,2,1,0,0,2331.470588235294
1357,48.0,1,1,14,57115.0,21,71,1,0,0,0,0,4079.6428571428573
1358,20.0,1,1,14,96071.0,2,107,4,0,0,0,0,6862.214285714285
1359,57.0,1,2,57,79405.0,43,50,1,2,4,1,1,1393.0701754385964
1360,63.0,1,1,34,73702.0,38,65,4,1,0,1,0,2167.705882352941
1361,41.0,1,0,53,79518.0,40,99,3,0,2,0,0,1500.3396226415093
1362,49.0,0,0,57,73805.0,36,32,1,2,2,0,0,1294.8245614035088
1363,64.0,1,0,20,59954.0,43,164,3,0,2,0,0,2997.7
1364,39.0,0,0,11,29064.0,37,141,4,1,4,0,1,2642.181818181818
1365,40.0,0,1,16,80063.0,15,58,3,1,1,1,0,5003.9375
1366,19.0,1,2,51,3454.0,28,128,1,1,3,0,1,67.72549019607843
1367,44.0,0,2,31,21878.0,18,142,1,2,0,0,1,705.741935483871
1368,59.0,0,2,55,52098.0,34,165,3,2,3,0,1,947.2363636363636
1369,19.0,0,2,6,63154.0,22,112,2,1,1,0,1,10525.666666666666
1370,43.0,0,3,56,13991.0,11,68,4,2,1,0,0,249.83928571428572
1371,34.0,0,2,19,69344.0,13,40,4,1,4,0,1,3649.684210526316
1372,57.0,0,3,37,37593.0,4,144,3,2,2,0,0,1016.027027027027
1373,50.0,1,3,58,37304.0,22,132,2,1,2,1,1,643.1724137931035
1374,26.0,0,0,4,31386.0,7,173,1,0,1,0,1,7846.5
1375,42.0,0,3,47,56220.0,43,90,5,1,4,0,1,1196.1702127659576
1376,56.0,0,1,4,70338.0,24,28,5,1,4,0,1,17584.5
1377,46.0,1,3,20,95289.0,4,96,3,2,0,1,0,4764.45
1378,59.0,0,0,10,22083.0,28,31,2,2,2,1,0,2208.3
1379,43.0,1,3,24,19354.0,15,3,2,2,1,1,0,806.4166666666666
1380,52.0,0,1,54,23190.0,1,136,4,2,3,0,1,429.44444444444446
1381,42.0,1,1,35,50133.5,3,24,1,2,2,0,0,1432.3857142857144
1382,41.0,1,1,26,29398.0,14,15,2,2,0,0,0,1130.6923076923076
1383,30.0,0,0,37,52971.0,38,171,5,0,4,1,1,1431.6486486486488
1384,24.0,0,0,38,42862.0,1,159,1,1,1,0,1,1127.9473684210527
1385,53.0,1,2,21,99668.0,38,45,1,1,2,1,0,4746.0952380952385
1386,62.0,0,0,54,54410.0,38,8,3,1,3,1,1,1007.5925925925926
1387,37.0,1,1,40,20503.0,21,71,2,0,0,1,0,512.575
1388,18.0,1,1,39,49456.0,48,108,3,1,0,1,0,1268.1025641025642
1389,25.0,1,0,21,83035.0,29,115,2,0,2,1,1,3954.0476190476193
1390,63.0,1,3,10,9016.0,5,103,4,0,3,0,1,901.6
1391,33.0,1,0,38,3384.0,49,125,3,0,0,0,0,89.05263157894737
1392,31.0,0,0,46,63320.0,10,57,3,1,1,1,0,1376.5217391304348
1393,29.0,1,1,4,50133.5,28,30,5,0,0,0,0,12533.375
1394,40.0,1,2,57,81018.0,21,146,3,1,3,0,1,1421.3684210526317
1395,32.0,0,1,45,41510.0,7,114,2,1,4,1,1,922.4444444444445
1396,45.0,1,2,20,49933.0,3,117,5,2,4,1,1,2496.65
1397,51.0,0,1,17,22826.0,45,167,3,2,2,0,0,1342.7058823529412
1398,19.0,0,0,55,69026.0,47,60,3,0,3,0,1,1255.0181818181818
1399,49.0,0,1,7,26518.0,20,98,4,0,0,0,0,3788.285714285714
1400,40.0,1,1,4,25045.0,19,171,3,1,0,0,0,6261.25
1401,39.0,1,1,29,51876.0,35,126,1,0,4,1,1,1788.8275862068965
1402,42.0,1,0,14,93446.0,4,173,5,0,4,0,1,6674.714285714285
1403,39.0,0,0,3,91102.0,5,151,1,1,1,1,1,30367.333333333332
1404,39.0,1,0,24,52919.0,1,94,5,0,4,1,1,2204.9583333333335
1405,59.0,0,0,37,28103.0,4,134,4,0,1,0,0,759.5405405405405
1406,23.0,1,2,16,37188.0,12,122,3,1,0,0,0,2324.25
1407,32.0,0,2,58,6845.0,27,108,3,1,1,0,0,118.01724137931035
1408,60.0,1,3,55,87698.0,42,4,3,2,1,1,0,1594.509090909091
1409,54.0,1,0,52,37674.0,23,93,5,1,2,1,0,724.5
1410,50.0,1,2,4,20337.0,25,151,3,2,4,1,1,5084.25
1411,42.0,0,1,56,23313.0,21,6,1,0,1,1,0,416.30357142857144
1412,61.0,0,0,24,27943.0,24,32,3,1,0,0,0,1164.2916666666667
1413,61.0,1,3,34,78949.0,25,106,4,1,3,1,1,2322.029411764706
1414,22.0,1,3,30,1276.0,45,146,1,1,1,1,1,42.53333333333333
1415,56.0,0,3,18,52151.0,46,15,3,0,4,0,1,2897.277777777778
1416,21.0,0,1,19,18611.0,32,168,3,2,2,1,0,979.5263157894736
1417,23.0,0,2,31,12944.0,32,122,2,0,0,1,1,417.5483870967742
1418,62.0,1,1,19,53887.0,5,96,5,0,2,0,0,2836.157894736842
1419,49.0,0,0,49,82442.0,36,6,1,1,3,1,1,1682.4897959183672
1420,47.0,1,3,46,50847.0,46,112,2,2,1,1,1,1105.3695652173913
1421,64.0,0,1,19,59653.0,42,120,4,0,1,1,0,3139.6315789473683
1422,52.0,1,1,22,87072.0,49,123,5,1,4,1,1,3957.818181818182
1423,57.0,0,2,24,57622.0,42,67,1,0,1,0,0,2400.9166666666665
1424,33.0,0,2,45,28810.0,39,106,3,0,0,1,0,640.2222222222222
1425,30.0,0,3,12,78842.0,16,139,1,1,3,0,1,6570.166666666667
1426,59.0,0,1,30,11503.0,33,43,3,1,2,1,0,383.43333333333334
1427,47.0,0,1,58,85761.0,49,145,5,2,3,0,1,1478.6379310344828
1428,42.0,1,2,38,37976.0,21,96,3,0,1,0,0,999.3684210526316
1429,34.0,0,1,53,12590.0,9,132,4,1,2,0,0,237.54716981132074
1430,36.0,0,1,31,11886.0,6,81,3,1,4,1,1,383.4193548387097
1431,42.0,0,1,36,13866.0,45,41,4,2,3,1,1,385.1666666666667
1432,43.0,1,2,19,67624.0,35,133,5,2,2,1,0,3559.157894736842
1433,54.0,0,3,48,69899.0,39,160,5,1,2,0,0,1456.2291666666667
1434,43.0,1,0,45,33792.0,22,35,1,2,2,1,0,750.9333333333333
1435,40.0,0,3,36,50133.5,41,22,4,1,0,1,0,1392.5972222222222
1436,26.0,0,0,30,87156.0,5,150,4,0,3,1,1,2905.2
1437,29.0,1,1,55,43727.0,42,112,2,2,2,1,1,795.0363636363636
1438,18.0,0,3,49,79471.0,23,11,2,0,3,0,1,1621.857142857143
1439,18.0,1,0,55,9068.0,17,3,2,0,2,0,0,164.87272727272727
1440,64.0,1,2,33,8295.0,12,137,3,0,4,1,1,251.36363636363637
1441,51.0,0,2,18,42160.0,23,60,2,1,4,1,1,2342.222222222222
1442,49.0,1,3,52,50133.5,16,76,4,0,4,1,1,964.1057692307693
1443,42.0,0,3,49,21131.0,3,87,3,0,1,0,0,431.2448979591837
1444,57.0,0,1,59,95754.0,30,14,5,0,2,1,0,1622.949152542373
1445,62.0,1,3,28,76969.0,22,18,1,1,1,0,0,2748.8928571428573
1446,18.0,1,1,59,16038.0,9,113,2,0,3,0,1,271.8305084745763
1447,33.0,1,1,47,50133.5,29,73,5,0,1,1,0,1066.6702127659576
1448,56.0,1,2,11,94718.0,47,23,4,2,3,1,1,8610.727272727272
1449,22.0,0,2,57,78064.0,37,83,1,1,3,1,1,1369.5438596491229
1450,39.0,0,0,54,22281.0,23,125,5,0,3,0,1,412.6111111111111
1451,46.0,1,2,45,55189.0,13,175,1,2,1,0,1,1226.4222222222222
1452,20.0,0,2,33,49511.0,32,69,2,1,2,1,0,1500.3333333333333
1453,29.0,0,3,17,9605.0,46,47,4,1,1,0,0,565.0
1454,43.0,0,2,6,2381.0,47,116,1,1,2,1,1,396.8333333333333
1455,33.0,0,0,4,67634.0,48,30,5,1,2,1,0,16908.5
1456,54.0,1,3,20,20810.0,23,25,2,1,3,0,1,1040.5
1457,39.0,1,0,48,25322.0,45,156,2,1,1,0,1,527.5416666666666
1458,46.0,0,2,47,42869.0,17,112,5,0,2,0,0,912.1063829787234
1459,31.0,1,0,27,33955.0,40,25,5,0,4,0,1,1257.5925925925926
1460,45.0,1,3,15,62388.0,21,74,1,0,2,1,0,4159.2
1461,22.0,1,1,6,11207.0,2,58,3,0,4,1,1,1867.8333333333333
1462,64.0,0,0,47,88329.0,37,94,2,2,1,1,1,1879.340425531915
1463,42.0,0,0,14,68628.0,6,119,1,0,1,0,1,4902.0
1464,63.0,0,3,11,29220.0,44,127,5,1,1,1,0,2656.3636363636365
1465,22.0,1,3,39,85050.0,18,169,1,0,2,0,1,2180.769230769231
1466,29.0,0,0,9,75085.0,30,25,5,0,0,0,0,8342.777777777777
1467,33.0,0,2,26,23031.0,22,78,4,1,2,0,0,885.8076923076923
1468,43.0,1,0,16,71721.0,33,99,5,0,2,1,0,4482.5625
1469,43.0,0,3,5,81807.0,30,116,5,0,3,0,1,16361.4
1470,38.0,0,1,57,72312.0,17,48,5,0,3,0,1,1268.6315789473683
1471,56.0,1,1,52,60766.0,43,10,3,2,2,0,0,1168.576923076923
1472,53.0,1,2,10,13449.0,32,99,5,0,4,0,1,1344.9
1473,50.0,1,0,50,90833.0,42,11,2,1,3,0,1,1816.66
1474,47.0,0,1,3,57699.0,14,85,2,1,2,0,0,19233.0
1475,54.0,0,0,13,82253.0,10,149,1,0,0,0,1,6327.153846153846
1476,40.0,0,3,43,47092.0,47,173,3,0,4,0,1,1095.1627906976744
1477,27.0,1,1,49,64671.0,36,135,1,0,1,0,1,1319.8163265306123
1478,22.0,1,2,30,11350.0,34,126,2,1,2,0,1,378.3333333333333
1479,53.0,0,3,54,97158.0,9,64,2,1,2,0,0,1799.2222222222222
1480,51.0,0,2,45,69487.0,42,2,4,2,4,0,1,1544.1555555555556
1481,48.0,1,3,6,18622.0,28,76,5,2,3,1,1,3103.6666666666665
1482,27.0,1,1,17,71263.0,11,121,2,2,3,1,1,4191.941176470588
1483,36.0,1,2,59,54117.0,14,42,1,1,3,0,1,917.2372881355932
1484,49.0,1,2,45,59394.0,39,54,1,2,1,0,0,1319.8666666666666
1485,18.0,0,3,51,24782.0,47,75,5,0,4,0,1,485.921568627451
1486,22.0,1,2,53,29454.0,19,16,5,0,4,1,1,555.7358490566038
1487,62.0,0,3,19,68904.0,15,18,4,1,3,1,1,3626.5263157894738
1488,21.0,0,3,42,16592.0,28,90,3,2,3,1,1,395.04761904761904
1489,33.0,0,3,35,23173.0,24,144,1,0,0,0,1,662.0857142857143
1490,41.0,1,3,46,34204.0,8,6,5,1,0,0,0,743.5652173913044
1491,33.0,1,1,26,36596.0,43,108,1,2,2,0,1,1407.5384615384614
1492,19.0,1,3,51,35324.0,9,175,5,0,2,0,0,692.6274509803922
1493,45.0,1,0,5,62202.0,47,48,2,2,4,1,1,12440.4
1494,49.0,0,2,29,90400.0,33,42,1,1,4,0,1,3117.2413793103447
1495,44.0,1,0,37,31750.0,33,76,2,2,1,1,0,858.1081081081081
1496,42.0,1,1,20,77112.0,19,77,1,1,1,1,0,3855.6
1497,41.0,0,0,49,17566.0,3,132,3,2,0,0,0,358.48979591836735
1498,29.0,1,2,21,8190.0,10,130,4,0,2,1,0,390.0
1499,52.0,0,0,10,89607.0,40,59,2,1,0,1,0,8960.7
1500,50.0,0,1,5,39333.0,47,155,5,1,0,1,0,7866.6
1501,50.0,0,3,36,81905.0,42,27,3,1,2,1,0,2275.1388888888887
1502,60.0,0,0,6,90571.0,1,79,1,2,1,0,0,15095.166666666666
1503,54.0,0,1,26,2589.0,29,72,2,2,2,0,0,99.57692307692308
1504,29.0,0,1,4,26235.0,34,7,1,0,3,1,1,6558.75
1505,20.0,0,2,39,1159.0,13,111,1,1,3,0,1,29.71794871794872
1506,18.0,0,2,39,13145.0,1,119,1,1,3,1,1,337.05128205128204
1507,50.0,1,0,50,81909.0,34,174,4,2,4,0,1,1638.18
1508,57.0,1,3,35,32921.0,29,63,4,2,1,0,0,940.6
1509,27.0,1,1,1,17237.0,48,124,5,0,1,0,0,17237.0
1510,60.0,1,0,24,9244.0,47,12,2,0,4,0,1,385.1666666666667
1511,61.0,0,1,57,15743.0,13,141,3,2,0,0,0,276.1929824561403
1512,46.0,1,1,36,98102.0,48,43,3,1,3,1,1,2725.0555555555557
1513,30.0,0,3,6,47101.0,49,17,3,0,3,0,1,7850.166666666667
1514,29.0,1,3,41,85227.0,29,63,1,2,0,1,0,2078.7073170731705
1515,48.0,1,0,54,57378.0,39,120,4,2,2,1,0,1062.5555555555557
1516,63.0,1,3,46,72126.0,24,36,2,1,2,0,0,1567.9565217391305
1517,19.0,0,3,44,57071.0,26,8,1,2,1,1,0,1297.0681818181818
1518,52.0,1,0,57,72121.0,17,69,4,2,4,0,1,1265.280701754386
1519,40.0,0,3,31,75763.0,7,90,4,0,1,1,0,2443.967741935484
1520,34.0,0,2,20,94814.0,13,36,2,2,2,1,0,4740.7
1521,43.0,1,1,24,13237.0,5,28,2,2,0,0,0,551.5416666666666
1522,42.0,1,1,25,16649.0,26,118,2,0,1,0,1,665.96
1523,46.0,1,1,36,38713.0,49,93,1,1,3,0,1,1075.361111111111
1524,43.0,0,1,21,74463.0,3,175,5,1,3,0,1,3545.8571428571427
1525,27.0,1,0,30,46409.0,7,76,2,0,0,1,0,1546.9666666666667
1526,43.0,0,1,24,49766.0,49,101,5,0,2,0,0,2073.5833333333335
1527,51.0,0,1,44,47154.0,39,158,1,1,3,1,1,1071.6818181818182
1528,58.0,1,1,42,50133.5,1,151,5,1,3,1,1,1193.654761904762
1529,24.0,1,1,30,80563.0,49,144,3,1,4,1,1,2685.4333333333334
1530,21.0,0,2,22,49688.0,17,14,5,1,1,1,0,2258.5454545454545
1531,62.0,0,1,28,90678.0,43,71,2,1,2,1,0,3238.5
1532,28.0,0,2,7,55238.0,25,124,1,0,1,1,1,7891.142857142857
1533,46.0,1,0,35,59608.0,3,125,2,2,2,0,1,1703.0857142857142
1534,53.0,0,3,55,90081.0,15,37,3,1,3,1,1,1637.8363636363636
1535,42.0,1,1,28,32897.0,29,29,2,1,4,1,1,1174.892857142857
1536,38.0,0,3,14,51961.0,43,143,2,2,1,1,1,3711.5
1537,53.0,0,3,56,69703.0,32,175,2,2,3,0,1,1244.6964285714287
1538,27.0,1,0,10,45757.0,26,174,4,2,2,0,0,4575.7
1539,54.0,0,3,16,27917.0,16,19,3,2,1,1,0,1744.8125
1540,26.0,1,2,16,23736.0,25,106,2,2,1,0,1,1483.5
1541,41.0,1,3,54,28990.0,28,21,2,2,3,1,1,536.8518518518518
1542,52.0,0,3,31,63551.0,9,64,2,0,1,0,0,2050.032258064516
1543,52.0,1,3,42,59161.0,1,165,1,2,4,1,1,1408.595238095238
1544,53.0,1,1,25,80623.0,29,27,4,2,4,0,1,3224.92
1545,35.0,0,1,13,23440.0,22,55,1,0,3,0,1,1803.076923076923
1546,56.0,1,2,6,36205.0,16,29,4,2,2,0,0,6034.166666666667
1547,49.0,1,2,44,81811.0,41,148,2,1,3,1,1,1859.340909090909
1548,41.0,1,1,9,56103.0,44,25,3,1,4,1,1,6233.666666666667
1549,42.0,0,2,45,71812.0,41,70,5,2,0,1,0,1595.8222222222223
1550,49.0,1,1,36,42627.0,7,63,5,0,0,0,0,1184.0833333333333
1551,54.0,0,0,56,20008.0,14,164,2,1,1,0,1,357.2857142857143
1552,29.0,0,3,43,72274.0,29,130,1,0,1,1,1,1680.7906976744187
1553,30.0,1,3,20,33402.0,19,150,3,1,0,0,0,1670.1
1554,40.0,1,2,18,54384.0,19,16,4,2,4,1,1,3021.3333333333335
1555,42.0,1,1,58,6793.0,2,146,2,0,1,1,1,117.12068965517241
1556,52.0,0,1,43,6571.0,41,100,3,0,3,1,1,152.8139534883721
1557,58.0,1,2,57,97867.0,45,30,3,0,3,1,1,1716.9649122807018
1558,47.0,1,1,21,17209.0,15,45,4,1,4,0,1,819.4761904761905
1559,34.0,1,0,4,91930.0,3,19,3,1,1,0,0,22982.5
1560,37.0,1,3,50,44148.0,11,34,1,1,3,0,1,882.96
1561,42.0,1,2,33,92218.0,46,141,1,2,1,1,1,2794.4848484848485
1562,39.0,0,2,27,3224.0,30,171,1,1,1,0,1,119.4074074074074
1563,30.0,0,1,7,49695.0,40,62,3,2,3,1,1,7099.285714285715
1564,36.0,1,2,6,33441.0,18,118,1,0,0,1,1,5573.5
1565,53.0,1,0,15,40129.0,48,100,4,0,3,1,1,2675.266666666667
1566,29.0,1,1,18,63368.0,2,22,3,2,4,1,1,3520.4444444444443
1567,58.0,1,1,32,93122.0,32,111,5,1,2,1,0,2910.0625
1568,36.0,0,1,56,45760.0,8,164,3,2,3,1,1,817.1428571428571
1569,29.0,1,1,11,50133.5,22,73,4,0,1,0,0,4557.590909090909
1570,26.0,0,0,20,72854.0,6,147,5,0,1,0,0,3642.7
1571,24.0,0,1,24,95230.0,12,38,3,2,3,0,1,3967.9166666666665
1572,45.0,1,2,15,86716.0,47,70,1,1,2,0,0,5781.066666666667
1573,31.0,0,0,48,13180.0,40,116,2,1,3,1,1,274.5833333333333
1574,48.0,0,3,7,50133.5,36,79,2,2,2,1,0,7161.928571428572
1575,36.0,0,3,21,16372.0,15,148,1,2,2,0,1,779.6190476190476
1576,64.0,0,2,42,30796.0,28,9,2,1,4,0,1,733.2380952380952
1577,42.0,1,2,26,59272.0,49,32,2,0,1,0,0,2279.6923076923076
1578,22.0,1,0,44,90963.0,45,132,1,2,1,0,1,2067.340909090909
1579,52.0,0,3,56,99826.0,18,50,1,1,2,0,0,1782.607142857143
1580,29.0,1,3,14,94635.0,2,82,3,1,1,0,0,6759.642857142857
1581,42.0,1,3,57,55040.0,13,5,3,0,0,0,0,965.6140350877193
1582,42.0,1,3,37,76357.0,45,148,1,0,2,0,1,2063.7027027027025
1583,53.0,1,3,58,72368.0,15,87,4,0,1,1,0,1247.7241379310344
1584,40.0,1,1,21,79356.0,20,126,2,0,0,1,1,3778.8571428571427
1585,42.0,0,2,18,17211.0,29,75,3,0,4,1,1,956.1666666666666
1586,56.0,1,1,5,6842.0,42,165,2,2,1,1,1,1368.4
1587,62.0,1,3,3,64115.0,29,22,5,1,0,0,0,21371.666666666668
1588,59.0,1,0,23,67852.0,3,68,1,2,3,1,1,2950.086956521739
1589,56.0,1,0,26,46968.0,19,44,4,2,3,0,1,1806.4615384615386
1590,31.0,0,3,37,18508.0,3,34,5,2,0,1,0,500.2162162162162
1591,48.0,0,3,24,23005.0,14,77,5,2,2,0,0,958.5416666666666
1592,22.0,0,0,49,55575.0,40,42,5,2,2,0,0,1134.1836734693877
1593,52.0,0,1,19,81742.0,4,137,1,0,1,1,1,4302.210526315789
1594,40.0,1,1,51,19971.0,11,106,3,0,3,1,1,391.5882352941176
1595,46.0,0,3,25,26599.0,31,95,1,1,2,0,1,1063.96
1596,60.0,1,1,21,88592.0,43,135,3,2,2,0,0,4218.666666666667
1597,28.0,1,0,12,67914.0,32,68,5,1,3,0,1,5659.5
1598,35.0,1,1,57,68055.0,27,147,5,0,4,1,1,1193.9473684210527
1599,64.0,1,3,41,88697.0,30,159,4,0,2,1,0,2163.3414634146343
1600,29.0,1,0,33,6355.0,43,128,3,0,0,0,0,192.57575757575756
1601,26.0,0,1,50,55120.0,2,163,5,2,1,1,0,1102.4
1602,27.0,0,2,53,75619.0,49,85,2,2,2,0,0,1426.7735849056603
1603,61.0,0,0,4,39342.0,9,159,4,0,2,1,0,9835.5
1604,34.0,0,0,42,86992.0,28,83,1,1,4,1,1,2071.2380952380954
1605,55.0,1,2,57,79860.0,31,95,4,1,0,1,0,1401.0526315789473
1606,24.0,0,2,7,3257.0,34,32,2,0,1,1,0,465.2857142857143
1607,63.0,1,0,22,28364.0,15,66,3,1,2,1,0,1289.2727272727273
1608,30.0,0,2,55,25972.0,48,116,1,0,1,0,1,472.2181818181818
1609,57.0,1,3,33,27654.0,25,138,1,1,3,0,1,838.0
1610,59.0,1,3,17,81769.0,36,130,3,0,2,1,0,4809.941176470588
1611,26.0,0,3,24,82423.0,8,60,4,1,2,0,0,3434.2916666666665
1612,44.0,1,0,34,30320.0,9,17,5,2,3,0,1,891.7647058823529
1613,19.0,1,2,28,21808.0,37,96,4,0,4,1,1,778.8571428571429
1614,22.0,0,2,58,53389.0,48,144,2,0,2,0,1,920.5
1615,46.0,1,1,43,96690.0,45,16,5,1,1,1,0,2248.6046511627906
1616,54.0,0,1,41,35773.0,39,46,4,0,0,0,0,872.5121951219512
1617,55.0,0,2,39,52168.0,32,167,3,0,1,0,0,1337.6410256410256
1618,36.0,0,2,22,28747.0,17,159,2,0,4,0,1,1306.6818181818182
1619,25.0,1,2,49,77396.0,35,107,2,2,0,0,1,1579.5102040816328
1620,62.0,1,0,17,84692.0,37,88,2,2,1,0,0,4981.882352941177
1621,18.0,1,2,34,58505.0,19,129,5,1,1,0,0,1720.735294117647
1622,39.0,0,1,6,86896.0,44,139,1,2,3,0,1,14482.666666666666
1623,34.0,1,0,46,19135.0,29,119,5,1,4,1,1,415.9782608695652
1624,24.0,0,2,6,91887.0,7,85,4,2,3,1,1,15314.5
1625,42.0,0,1,34,97035.0,28,4,1,1,0,1,0,2853.970588235294
1626,62.0,1,0,1,48377.0,9,71,4,2,3,1,1,48377.0
1627,21.0,0,2,10,24554.0,28,154,1,2,4,0,1,2455.4
1628,53.0,1,2,21,63491.0,6,111,5,1,2,0,0,3023.3809523809523
1629,23.0,1,2,5,56621.0,29,50,2,0,2,0,0,11324.2
1630,48.0,1,0,2,59283.0,17,140,3,0,0,1,0,29641.5
1631,42.0,1,1,22,86140.0,16,95,2,2,2,1,1,3915.4545454545455
1632,61.0,1,1,48,17923.0,23,92,5,1,3,1,1,373.3958333333333
1633,56.0,0,3,57,48591.0,31,65,1,0,0,0,0,852.4736842105264
1634,44.0,0,2,2,63261.0,3,47,2,1,4,1,1,31630.5
1635,27.0,0,3,10,55336.0,21,106,5,0,0,0,0,5533.6
1636,43.0,1,3,34,75083.0,26,130,4,1,0,1,0,2208.323529411765
1637,36.0,1,1,16,61948.0,36,106,3,2,1,0,0,3871.75
1638,56.0,1,0,48,34002.0,42,24,2,1,1,1,0,708.375
1639,20.0,0,0,51,81098.0,37,4,1,0,0,0,0,1590.1568627450981
1640,42.0,1,1,39,74016.0,22,108,4,2,2,1,0,1897.8461538461538
1641,30.0,0,0,22,27672.0,42,19,5,1,1,1,0,1257.8181818181818
1642,45.0,0,3,12,5213.0,12,154,3,0,4,0,1,434.4166666666667
1643,37.0,1,2,24,11293.0,42,40,1,2,3,0,1,470.5416666666667
1644,45.0,1,1,47,56860.0,13,50,5,1,1,1,0,1209.787234042553
1645,25.0,0,2,40,63507.0,11,171,5,0,0,0,0,1587.675
1646,58.0,1,0,38,58134.0,16,75,2,1,2,1,0,1529.842105263158
1647,56.0,0,2,59,3100.0,8,12,2,1,3,0,1,52.54237288135593
1648,18.0,1,0,10,62997.0,40,27,1,2,1,1,0,6299.7
1649,20.0,1,0,35,29172.0,40,113,5,2,2,0,0,833.4857142857143
1650,42.0,0,3,51,21132.0,45,49,2,0,2,1,0,414.3529411764706
1651,45.0,1,0,49,19199.0,2,144,3,2,2,1,0,391.81632653061223
1652,42.0,0,3,32,37609.0,30,130,3,0,0,1,0,1175.28125
1653,50.0,1,3,7,43965.0,30,60,5,1,4,0,1,6280.714285714285
1654,55.0,0,3,21,9016.0,12,30,2,1,2,1,0,429.3333333333333
1655,23.0,0,1,20,40779.0,10,84,1,0,3,0,1,2038.95
1656,61.0,1,1,26,32881.0,44,166,1,1,1,0,1,1264.6538461538462
1657,62.0,0,0,4,83594.0,11,28,1,2,3,0,1,20898.5
1658,49.0,1,3,46,25472.0,15,25,3,1,0,1,0,553.7391304347826
1659,62.0,1,1,52,52813.0,16,96,2,2,0,0,1,1015.6346153846154
1660,64.0,1,3,22,37021.0,17,125,2,0,3,0,1,1682.7727272727273
1661,38.0,0,2,15,55131.0,26,10,3,0,4,0,1,3675.4
1662,33.0,0,2,56,25087.0,2,42,1,1,0,1,0,447.98214285714283
1663,38.0,1,2,40,13828.0,12,40,1,1,0,0,0,345.7
1664,28.0,1,0,21,62610.0,26,77,5,2,3,0,1,2981.4285714285716
1665,54.0,0,3,15,97664.0,23,105,4,2,0,0,0,6510.933333333333
1666,53.0,1,2,22,2401.0,18,118,2,1,4,0,1,109.13636363636364
1667,52.0,1,1,52,86179.0,32,42,2,1,4,1,1,1657.2884615384614
1668,42.0,0,2,28,16193.0,49,47,2,0,4,1,1,578.3214285714286
1669,37.0,1,2,14,93389.0,38,165,4,0,1,0,0,6670.642857142857
1670,35.0,0,2,27,45864.0,47,22,5,0,4,0,1,1698.6666666666667
1671,64.0,1,0,41,21307.0,3,107,4,1,4,0,1,519.6829268292682
1672,58.0,0,1,40,20611.0,38,27,1,1,1,0,0,515.275
1673,31.0,1,3,58,50133.5,3,41,1,1,2,1,0,864.3706896551724
1674,32.0,1,1,28,12950.0,30,80,2,0,0,1,0,462.5
1675,48.0,0,3,26,77240.0,1,162,3,1,4,1,1,2970.769230769231
1676,18.0,1,0,49,78403.0,30,160,2,2,0,1,1,1600.061224489796
1677,20.0,0,0,2,3745.0,45,89,3,1,3,0,1,1872.5
1678,33.0,1,0,25,56243.0,32,66,4,1,0,0,0,2249.72
1679,40.0,0,0,56,4866.0,28,12,1,1,1,1,0,86.89285714285714
1680,28.0,0,3,3,33245.0,21,168,3,1,0,1,0,11081.666666666666
1681,29.0,0,2,8,45724.0,46,73,4,1,0,0,0,5715.5
1682,27.0,0,3,44,72354.0,13,76,1,2,0,0,0,1644.409090909091
1683,49.0,1,1,33,52374.0,27,90,3,2,2,0,0,1587.090909090909
1684,33.0,1,0,42,31116.0,36,10,2,1,2,0,0,740.8571428571429
1685,25.0,0,0,52,82029.0,7,96,2,0,3,0,1,1577.4807692307693
1686,55.0,0,1,35,94574.0,22,176,2,1,1,1,1,2702.114285714286
1687,29.0,0,3,6,21447.0,10,20,4,1,0,1,0,3574.5
1688,41.0,1,2,39,31431.0,39,39,2,1,0,0,0,805.9230769230769
1689,45.0,1,2,52,18908.0,15,60,5,0,0,0,0,363.61538461538464
1690,25.0,1,1,23,30336.0,15,66,1,0,0,1,0,1318.9565217391305
1691,45.0,1,2,25,41992.0,4,65,4,0,2,0,0,1679.68
1692,53.0,0,3,59,56350.0,32,179,2,2,3,1,1,955.0847457627119
1693,43.0,0,3,50,70561.0,23,124,1,0,4,1,1,1411.22
1694,25.0,0,1,43,52955.0,6,164,3,2,1,1,0,1231.5116279069769
1695,45.0,1,3,19,62240.0,24,152,2,2,0,1,1,3275.7894736842104
1696,45.0,1,0,5,21093.0,20,155,1,0,3,0,1,4218.6
1697,54.0,1,1,51,7155.0,37,130,5,0,4,0,1,140.2941176470588
1698,58.0,0,3,11,47607.0,20,159,3,0,3,1,1,4327.909090909091
1699,53.0,0,1,56,34487.0,12,57,5,2,2,0,0,615.8392857142857
1700,44.0,1,2,12,56668.0,33,78,1,1,4,0,1,4722.333333333333
1701,34.0,0,3,10,21963.0,28,29,5,0,3,0,1,2196.3
1702,26.0,1,0,8,51124.0,8,15,1,0,2,0,0,6390.5
1703,50.0,1,3,24,53870.0,1,12,1,0,3,1,1,2244.5833333333335
1704,37.0,0,1,28,57547.0,37,101,5,2,3,0,1,2055.25
1705,30.0,1,1,41,65110.0,22,156,1,2,4,1,1,1588.0487804878048
1706,45.0,0,3,36,54554.0,6,84,2,1,2,1,0,1515.388888888889
1707,46.0,1,0,37,21936.0,21,125,1,0,0,0,1,592.8648648648649
1708,30.0,0,0,21,5426.0,32,103,4,2,1,1,0,258.3809523809524
1709,63.0,0,0,8,89839.0,35,24,1,1,4,0,1,11229.875
1710,52.0,0,1,55,28606.0,15,149,4,0,2,0,0,520.1090909090909
1711,23.0,1,3,9,48832.0,5,138,1,2,3,1,1,5425.777777777777
1712,35.0,1,2,47,29151.0,46,110,1,0,2,0,1,620.2340425531914
1713,22.0,0,1,15,80303.0,48,78,5,0,1,1,0,5353.533333333334
1714,64.0,0,0,48,12308.0,6,101,2,2,1,1,1,256.4166666666667
1715,42.0,1,3,46,63522.0,25,146,2,2,0,0,1,1380.9130434782608
1716,19.0,1,0,40,46671.0,46,142,3,2,0,0,0,1166.775
1717,27.0,1,2,18,91306.0,40,162,5,0,1,0,0,5072.555555555556
1718,47.0,0,0,42,95108.0,29,128,5,0,4,1,1,2264.4761904761904
1719,62.0,1,0,20,3204.0,7,58,2,1,4,0,1,160.2
1720,22.0,1,2,6,93769.0,40,76,5,0,3,1,1,15628.166666666666
1721,50.0,0,3,12,88265.0,13,150,2,2,0,1,1,7355.416666666667
1722,18.0,1,1,2,32131.0,38,36,5,0,3,0,1,16065.5
1723,35.0,1,3,7,53428.0,18,173,1,1,0,0,1,7632.571428571428
1724,49.0,1,2,16,34870.0,2,164,2,1,1,0,1,2179.375
1725,64.0,0,0,3,50133.5,8,22,2,2,4,1,1,16711.166666666668
1726,28.0,0,3,45,59585.0,11,127,4,2,4,0,1,1324.111111111111
1727,38.0,0,1,3,22607.0,33,80,5,1,1,1,0,7535.666666666667
1728,43.0,0,2,27,25968.0,38,100,5,1,3,0,1,961.7777777777778
1729,42.0,0,3,50,99934.0,48,96,2,1,3,0,1,1998.68
1730,39.0,0,1,43,12908.0,27,161,1,2,2,1,1,300.1860465116279
1731,44.0,0,2,40,27423.0,20,173,1,1,0,1,1,685.575
1732,30.0,1,1,38,75707.0,12,164,1,1,3,0,1,1992.2894736842106
1733,50.0,1,2,33,79257.0,43,148,5,2,1,0,0,2401.7272727272725
1734,51.0,0,0,28,62215.0,31,18,4,0,3,0,1,2221.964285714286
1735,58.0,1,3,1,56835.0,27,38,2,0,4,0,1,56835.0
1736,52.0,1,1,55,50429.0,32,151,3,1,0,0,0,916.8909090909091
1737,18.0,0,2,8,83152.0,10,109,4,0,2,1,0,10394.0
1738,38.0,1,1,37,39458.0,3,123,3,0,0,1,0,1066.4324324324325
1739,23.0,1,1,32,47169.0,45,144,4,0,4,1,1,1474.03125
1740,45.0,1,3,48,8659.0,27,149,1,0,4,1,1,180.39583333333334
1741,34.0,1,0,43,61614.0,35,104,5,1,4,0,1,1432.8837209302326
1742,22.0,1,1,37,78240.0,31,140,3,0,4,1,1,2114.5945945945946
1743,42.0,0,2,4,50133.5,15,144,4,0,1,1,0,12533.375
1744,22.0,0,2,30,47473.0,16,81,5,2,2,1,0,1582.4333333333334
1745,55.0,0,0,6,97762.0,13,87,3,1,4,0,1,16293.666666666666
1746,20.0,1,2,46,90388.0,49,142,2,2,4,1,1,1964.9565217391305
1747,40.0,0,0,54,98618.0,35,61,4,2,3,0,1,1826.2592592592594
1748,54.0,1,2,19,89330.0,11,46,2,1,2,1,0,4701.578947368421
1749,54.0,1,3,32,56751.0,21,32,1,0,0,0,0,1773.46875
1750,27.0,1,1,9,79915.0,11,15,2,2,2,1,0,8879.444444444445
1751,27.0,1,3,12,50133.5,30,44,2,1,2,0,0,4177.791666666667
1752,36.0,0,1,11,8006.0,48,145,4,0,2,1,0,727.8181818181819
1753,42.0,0,1,46,75218.0,35,169,1,1,4,0,1,1635.1739130434783
1754,42.0,1,1,55,66344.0,22,54,2,2,4,0,1,1206.2545454545455
1755,31.0,0,3,16,34840.0,38,44,5,0,1,1,0,2177.5
1756,26.0,1,1,1,33430.0,31,98,3,0,0,0,0,33430.0
1757,63.0,0,3,45,24091.0,14,5,2,1,3,0,1,535.3555555555556
1758,18.0,0,0,55,33983.0,24,109,1,0,2,1,1,617.8727272727273
1759,62.0,1,2,53,24989.0,49,27,2,2,0,1,0,471.49056603773585
1760,30.0,0,2,21,76451.0,32,116,3,2,0,0,0,3640.5238095238096
1761,21.0,1,1,30,19990.0,36,87,1,2,1,1,0,666.3333333333334
1762,18.0,0,3,13,91270.0,32,104,4,1,3,1,1,7020.7692307692305
1763,57.0,1,2,34,81360.0,15,123,1,0,2,1,1,2392.9411764705883
1764,49.0,1,3,4,37081.0,43,79,4,0,3,0,1,9270.25
1765,51.0,0,3,28,12033.0,35,43,1,0,1,0,0,429.75
1766,42.0,0,1,38,17241.0,3,97,3,2,4,0,1,453.7105263157895
1767,48.0,1,2,58,6939.0,16,31,3,0,0,0,0,119.63793103448276
1768,25.0,0,1,31,48562.0,5,99,1,2,2,0,1,1566.516129032258
1769,56.0,0,1,59,36063.0,21,17,2,0,4,0,1,611.2372881355932
1770,43.0,1,2,55,77721.0,10,83,3,2,1,0,0,1413.1090909090908
1771,51.0,1,2,27,28045.0,19,110,4,0,3,1,1,1038.7037037037037
1772,20.0,0,0,5,45769.0,25,32,4,1,0,0,0,9153.8
1773,29.0,1,0,25,48118.0,4,168,5,1,2,0,0,1924.72
1774,18.0,1,3,3,85703.0,29,141,4,2,4,1,1,28567.666666666668
1775,61.0,1,2,33,22625.0,19,35,5,2,4,1,1,685.6060606060606
1776,22.0,0,0,4,28076.0,43,133,1,0,0,1,1,7019.0
1777,47.0,0,3,25,65805.0,2,29,1,0,3,0,1,2632.2
1778,42.0,1,3,20,45605.0,10,70,1,1,1,1,0,2280.25
1779,34.0,0,3,34,85565.0,43,153,2,0,3,0,1,2516.6176470588234
1780,64.0,1,0,26,89509.0,25,95,2,2,3,0,1,3442.653846153846
1781,40.0,0,2,5,40121.0,20,22,5,2,3,0,1,8024.2
1782,32.0,1,1,35,66101.0,48,173,4,2,0,1,0,1888.6
1783,54.0,1,3,28,32433.0,19,69,4,2,0,1,0,1158.3214285714287
1784,38.0,0,0,29,44309.0,23,89,1,2,1,0,0,1527.896551724138
1785,31.0,1,0,9,68468.0,24,72,3,1,3,0,1,7607.555555555556
1786,19.0,0,1,52,45254.0,11,129,2,1,0,0,1,870.2692307692307
1787,28.0,0,1,38,68293.0,46,172,2,2,1,1,1,1797.1842105263158
1788,56.0,1,0,50,97258.0,34,87,1,0,1,0,0,1945.16
1789,55.0,1,2,6,38853.0,28,96,2,2,3,1,1,6475.5
1790,51.0,0,1,19,39405.0,5,75,1,1,2,0,0,2073.9473684210525
1791,55.0,1,0,44,50133.5,5,167,5,2,3,1,1,1139.3977272727273
1792,51.0,1,1,57,44527.0,21,54,4,1,2,0,0,781.1754385964912
1793,35.0,1,2,11,78227.0,12,88,3,1,1,1,0,7111.545454545455
1794,47.0,1,3,2,1492.0,4,157,4,2,0,1,0,746.0
1795,32.0,1,1,47,94418.0,49,54,4,2,4,1,1,2008.8936170212767
1796,44.0,0,2,44,9811.0,42,16,5,0,1,1,0,222.97727272727272
1797,51.0,0,0,44,94344.0,20,99,2,1,0,1,1,2144.181818181818
1798,55.0,1,1,9,25272.0,38,20,3,0,1,1,0,2808.0
1799,50.0,1,1,21,94935.0,25,46,2,2,3,0,1,4520.714285714285
1800,41.0,1,0,24,73010.0,14,127,4,1,2,0,0,3042.0833333333335
1801,32.0,0,3,34,93492.0,11,58,1,0,1,0,0,2749.764705882353
1802,47.0,1,0,22,48153.0,32,111,4,0,0,0,0,2188.7727272727275
1803,59.0,0,1,3,55110.0,11,129,2,0,3,1,1,18370.0
1804,34.0,0,0,12,14979.0,18,81,4,2,4,0,1,1248.25
1805,22.0,0,2,28,29328.0,27,157,1,2,3,1,1,1047.4285714285713
1806,46.0,1,0,30,13867.0,18,84,5,2,2,1,0,462.23333333333335
1807,21.0,0,1,26,60234.0,23,70,2,1,3,1,1,2316.6923076923076
1808,27.0,1,0,48,26851.0,11,8,4,2,4,0,1,559.3958333333334
1809,34.0,0,3,21,32279.0,21,29,2,1,0,1,0,1537.095238095238
1810,27.0,1,0,28,97063.0,44,112,5,0,1,0,0,3466.535714285714
1811,34.0,0,3,56,74402.0,5,179,4,0,2,0,0,1328.607142857143
1812,37.0,1,2,26,50133.5,23,161,4,2,4,0,1,1928.2115384615386
1813,41.0,0,3,33,77221.0,41,131,2,0,2,0,1,2340.030303030303
1814,22.0,1,0,21,90080.0,25,163,2,2,3,0,1,4289.523809523809
1815,51.0,1,1,35,6451.0,41,108,1,1,2,1,1,184.31428571428572
1816,23.0,1,3,52,88178.0,10,109,5,0,4,1,1,1695.7307692307693
1817,19.0,1,2,34,42316.0,22,20,1,2,1,0,0,1244.5882352941176
1818,30.0,0,3,41,64064.0,19,73,4,0,1,1,0,1562.5365853658536
1819,60.0,0,3,51,64761.0,1,167,2,0,2,0,1,1269.8235294117646
1820,60.0,1,3,47,50133.5,7,4,4,2,0,1,0,1066.6702127659576
1821,28.0,0,2,18,97566.0,4,19,4,0,2,1,0,5420.333333333333
1822,64.0,1,0,58,31873.0,1,102,3,0,3,1,1,549.5344827586207
1823,40.0,1,3,11,59627.0,15,173,3,0,1,1,0,5420.636363636364
1824,33.0,0,3,57,67155.0,40,171,4,0,1,1,0,1178.157894736842
1825,48.0,1,1,23,26372.0,12,141,2,1,1,1,1,1146.608695652174
1826,28.0,1,2,48,4642.0,22,141,4,0,0,1,0,96.70833333333333
1827,33.0,0,3,22,29001.0,22,86,3,0,0,1,0,1318.2272727272727
1828,25.0,1,2,17,35064.0,47,52,2,2,4,1,1,2062.5882352941176
1829,21.0,1,3,5,95826.0,17,111,4,1,2,1,0,19165.2
1830,57.0,1,0,44,15122.0,29,109,5,2,2,1,0,343.6818181818182
1831,42.0,1,0,11,25820.0,46,86,5,2,3,1,1,2347.2727272727275
1832,42.0,0,3,30,69431.0,14,43,4,2,1,1,0,2314.366666666667
1833,20.0,0,0,15,56745.0,20,42,2,1,0,0,0,3783.0
1834,49.0,0,3,27,51081.0,48,90,4,2,3,1,1,1891.888888888889
1835,20.0,1,0,35,71902.0,33,115,4,2,3,1,1,2054.342857142857
1836,44.0,1,1,33,50133.5,43,26,3,2,0,1,0,1519.1969696969697
1837,46.0,0,1,20,86132.0,15,151,5,0,2,1,0,4306.6
1838,49.0,1,1,16,19793.0,12,43,3,2,1,1,0,1237.0625
1839,36.0,1,2,34,9199.0,40,77,3,1,2,1,0,270.55882352941177
1840,38.0,1,2,2,77253.0,20,156,4,1,3,0,1,38626.5
1841,22.0,1,1,35,37191.0,30,137,3,0,1,0,0,1062.6
1842,42.0,0,2,40,11211.0,38,20,5,1,4,0,1,280.275
1843,45.0,0,0,56,64069.0,3,39,3,1,3,1,1,1144.0892857142858
1844,59.0,0,3,28,89896.0,28,179,5,0,2,1,0,3210.5714285714284
1845,39.0,1,3,47,57746.0,26,12,3,2,2,1,0,1228.6382978723404
1846,38.0,0,3,39,22542.0,30,11,5,0,2,0,0,578.0
1847,23.0,0,1,6,32312.0,13,154,3,2,0,1,0,5385.333333333333
1848,18.0,1,2,9,46242.0,13,42,3,2,3,1,1,5138.0
1849,22.0,1,0,20,94783.0,2,155,2,1,1,0,1,4739.15
1850,58.0,0,0,1,88893.0,37,11,5,0,2,0,0,88893.0
1851,29.0,0,1,8,56388.0,49,38,5,1,2,1,0,7048.5
1852,43.0,0,0,55,28691.0,38,98,5,1,0,1,0,521.6545454545454
1853,63.0,0,0,23,78960.0,2,171,1,2,1,1,1,3433.0434782608695
1854,51.0,1,0,3,85388.0,36,19,3,1,3,1,1,28462.666666666668
1855,31.0,0,0,4,23601.0,26,134,5,0,4,0,1,5900.25
1856,43.0,0,2,58,19020.0,11,174,1,1,0,1,1,327.9310344827586
1857,62.0,1,0,25,9155.0,8,116,2,1,3,1,1,366.2
1858,44.0,0,3,47,70119.0,44,113,5,2,4,0,1,1491.8936170212767
1859,26.0,1,1,38,82051.0,40,170,5,0,2,1,0,2159.2368421052633
1860,43.0,1,2,15,37777.0,43,65,1,1,2,1,0,2518.4666666666667
1861,64.0,1,0,21,20710.0,22,99,3,2,1,0,0,986.1904761904761
1862,39.0,0,2,35,25532.0,20,72,2,1,4,0,1,729.4857142857143
1863,64.0,0,0,57,19601.0,8,52,5,0,2,1,0,343.87719298245617
1864,47.0,1,3,53,64227.0,29,118,3,1,2,0,0,1211.8301886792453
1865,60.0,0,1,53,5967.0,40,175,2,1,1,0,1,112.58490566037736
1866,34.0,0,0,46,85289.0,26,120,4,2,3,1,1,1854.108695652174
1867,43.0,1,0,52,21022.0,30,7,4,1,2,0,0,404.2692307692308
1868,53.0,1,0,14,44463.0,17,11,2,2,0,1,0,3175.9285714285716
1869,18.0,0,0,36,75671.0,20,103,1,0,0,1,1,2101.972222222222
1870,25.0,1,1,12,6722.0,16,61,2,1,3,1,1,560.1666666666666
1871,52.0,0,1,17,28413.0,46,68,2,0,4,1,1,1671.3529411764705
1872,32.0,0,3,39,93772.0,43,153,1,0,1,0,1,2404.4102564102564
1873,64.0,0,1,9,82050.0,7,140,1,1,0,1,1,9116.666666666666
1874,39.0,0,0,35,50133.5,16,154,3,2,0,1,0,1432.3857142857144
1875,31.0,1,3,13,50133.5,45,102,3,0,3,1,1,3856.423076923077
1876,43.0,1,3,15,67732.0,47,110,1,0,4,1,1,4515.466666666666
1877,45.0,1,3,18,13297.0,48,140,4,1,4,0,1,738.7222222222222
1878,40.0,1,0,51,69323.0,27,171,4,1,3,0,1,1359.2745098039215
1879,31.0,0,2,33,24816.0,23,51,2,1,0,0,0,752.0
1880,41.0,0,0,6,41695.0,24,117,5,1,1,1,0,6949.166666666667
1881,19.0,1,1,59,20702.0,9,165,2,1,0,0,1,350.8813559322034
1882,62.0,0,1,27,26242.0,35,46,2,1,4,0,1,971.925925925926
1883,43.0,0,0,23,56841.0,20,53,5,2,0,1,0,2471.3478260869565
1884,31.0,0,0,59,68712.0,37,88,1,0,1,0,0,1164.6101694915253
1885,24.0,1,3,27,86663.0,42,121,4,2,2,1,0,3209.740740740741
1886,20.0,1,0,34,93764.0,17,13,2,2,0,0,0,2757.764705882353
1887,64.0,1,3,56,54574.0,47,89,5,1,3,0,1,974.5357142857143
1888,40.0,0,1,46,86744.0,31,125,3,0,2,0,0,1885.7391304347825
1889,63.0,1,3,38,29482.0,8,118,2,2,3,0,1,775.8421052631579
1890,60.0,1,0,14,10171.0,15,54,4,1,3,1,1,726.5
1891,64.0,1,1,36,99932.0,31,116,1,1,3,1,1,2775.8888888888887
1892,62.0,1,2,53,4696.0,30,118,2,0,0,0,1,88.60377358490567
1893,35.0,1,3,8,21058.0,46,4,2,2,4,1,1,2632.25
1894,55.0,1,1,35,21313.0,20,75,5,2,2,0,0,608.9428571428572
1895,52.0,0,3,19,20149.0,39,49,3,2,1,0,0,1060.4736842105262
1896,32.0,0,1,30,54521.0,12,7,3,1,4,0,1,1817.3666666666666
1897,42.0,1,1,14,46740.0,49,110,1,0,0,0,1,3338.5714285714284
1898,54.0,1,3,59,5956.0,17,122,4,0,3,0,1,100.94915254237289
1899,45.0,0,2,20,76731.0,42,11,1,2,1,0,0,3836.55
1900,27.0,0,1,49,83612.0,30,92,2,1,2,1,1,1706.3673469387754
1901,56.0,1,1,25,67641.0,29,173,2,2,4,1,1,2705.64
1902,34.0,1,1,40,64811.0,19,23,3,0,4,0,1,1620.275
1903,56.0,1,2,24,53160.0,46,28,4,1,1,1,0,2215.0
1904,39.0,1,2,14,52313.0,11,111,5,2,0,0,0,3736.6428571428573
1905,43.0,0,0,26,64232.0,34,57,4,2,2,1,0,2470.4615384615386
1906,61.0,1,3,38,16417.0,7,26,2,1,1,1,0,432.0263157894737
1907,42.0,1,2,23,25729.0,44,153,5,0,3,1,1,1118.6521739130435
1908,34.0,1,3,22,31099.0,34,54,4,1,2,0,0,1413.590909090909
1909,30.0,1,0,48,99134.0,20,29,4,2,4,1,1,2065.2916666666665
1910,37.0,0,3,57,30961.0,38,97,5,2,1,0,0,543.1754385964912
1911,42.0,0,2,19,13602.0,24,164,2,2,4,0,1,715.8947368421053
1912,21.0,0,3,46,10256.0,10,14,4,2,4,0,1,222.95652173913044
1913,27.0,1,2,51,87120.0,32,78,5,0,4,1,1,1708.235294117647
1914,20.0,1,3,3,35681.0,15,35,2,0,0,1,0,11893.666666666666
1915,58.0,0,2,42,92328.0,37,30,5,2,4,1,1,2198.285714285714
1916,62.0,1,2,19,88440.0,20,92,5,0,3,0,1,4654.736842105263
1917,35.0,1,3,9,65789.0,3,17,4,0,3,0,1,7309.888888888889
1918,64.0,0,0,28,44361.0,37,158,2,0,2,1,1,1584.3214285714287
1919,53.0,0,1,20,65503.0,40,93,4,2,4,0,1,3275.15
1920,64.0,0,0,45,50133.5,8,173,1,1,4,1,1,1114.0777777777778
1921,39.0,0,3,7,27536.0,40,79,1,1,1,1,0,3933.714285714286
1922,51.0,1,0,14,85700.0,44,110,2,1,0,1,1,6121.428571428572
1923,64.0,1,2,9,64043.0,23,179,5,2,2,1,0,7115.888888888889
1924,25.0,0,1,59,79532.0,40,102,4,0,4,0,1,1348.0
1925,57.0,1,3,55,57575.0,11,106,4,0,1,1,0,1046.8181818181818
1926,61.0,0,3,57,3871.0,46,47,2,2,0,1,0,67.91228070175438
1927,36.0,0,3,19,47002.0,8,64,2,2,2,1,0,2473.7894736842104
1928,59.0,1,1,47,50812.0,29,166,1,1,2,1,1,1081.1063829787233
1929,58.0,0,2,52,23626.0,30,64,3,1,4,1,1,454.34615384615387
1930,54.0,1,3,14,60979.0,10,87,2,2,2,1,0,4355.642857142857
1931,23.0,1,0,56,77057.0,39,7,3,1,1,1,0,1376.017857142857
1932,43.0,1,3,38,67668.0,28,22,2,0,2,0,0,1780.7368421052631
1933,51.0,1,3,53,81070.0,49,81,5,2,3,0,1,1529.622641509434
1934,62.0,0,3,36,90390.0,36,169,5,2,1,0,0,2510.8333333333335
1935,23.0,1,3,40,43998.0,13,74,1,0,0,0,0,1099.95
1936,54.0,0,2,17,64814.0,32,138,1,0,0,1,1,3812.5882352941176
1937,50.0,0,0,30,46607.0,36,135,3,0,4,0,1,1553.5666666666666
1938,39.0,0,2,9,8812.0,37,125,2,1,4,0,1,979.1111111111111
1939,38.0,0,0,33,62844.0,26,50,4,2,3,0,1,1904.3636363636363
1940,42.0,1,3,56,71093.0,22,52,1,1,0,1,0,1269.517857142857
1941,23.0,1,1,52,3179.0,4,161,4,0,0,0,0,61.13461538461539
1942,21.0,0,2,25,44798.0,31,1,4,1,0,0,0,1791.92
1943,47.0,0,1,14,75601.0,18,162,2,0,0,1,1,5400.071428571428
1944,28.0,1,2,11,9275.0,38,4,3,1,2,0,0,843.1818181818181
1945,47.0,0,3,53,51574.0,24,145,2,1,1,1,1,973.0943396226415
1946,48.0,1,2,35,48857.0,23,132,1,0,1,0,1,1395.9142857142858
1947,41.0,0,3,41,21700.0,22,171,4,1,3,1,1,529.2682926829268
1948,26.0,1,2,59,40464.0,2,4,2,2,2,0,0,685.8305084745763
1949,20.0,0,3,14,43351.0,31,1,2,1,0,0,0,3096.5
1950,48.0,0,3,30,94330.0,11,71,2,1,0,0,0,3144.3333333333335
1951,57.0,1,0,41,95319.0,28,178,1,2,4,1,1,2324.8536585365855
1952,54.0,0,3,4,83534.0,46,35,3,0,4,0,1,20883.5
1953,53.0,0,0,59,14869.0,32,8,2,2,3,1,1,252.01694915254237
1954,41.0,1,3,4,61315.0,5,152,1,1,0,1,1,15328.75
1955,48.0,0,1,28,94688.0,38,36,4,0,3,1,1,3381.714285714286
1956,42.0,1,3,8,21954.0,10,178,5,1,2,1,0,2744.25
1957,19.0,1,1,2,32555.0,40,123,1,1,1,0,1,16277.5
1958,37.0,0,1,41,64353.0,46,43,5,2,0,0,0,1569.5853658536585
1959,45.0,0,3,46,83190.0,24,27,2,2,2,0,0,1808.4782608695652
1960,28.0,0,1,22,46026.0,35,32,2,0,0,1,0,2092.090909090909
1961,21.0,0,0,41,47976.0,44,78,1,0,4,0,1,1170.1463414634147
1962,32.0,0,2,56,81578.0,48,121,5,0,3,1,1,1456.75
1963,23.0,0,3,55,92502.0,23,146,2,1,4,1,1,1681.8545454545454
1964,47.0,0,1,16,46095.0,17,156,4,2,1,1,0,2880.9375
1965,55.0,1,3,29,15270.0,1,157,3,2,4,0,1,526.551724137931
1966,19.0,0,0,49,31908.0,31,16,3,2,0,0,0,651.1836734693877
1967,32.0,1,3,48,16523.0,31,99,2,0,4,1,1,344.2291666666667
1968,28.0,0,3,30,63433.0,42,47,5,2,0,0,0,2114.4333333333334
1969,25.0,0,1,12,48068.0,42,31,2,2,1,0,0,4005.6666666666665
1970,43.0,1,0,35,20991.0,34,4,5,2,4,1,1,599.7428571428571
1971,62.0,0,2,11,11775.0,9,165,4,0,3,1,1,1070.4545454545455
1972,61.0,0,2,46,78801.0,22,17,5,2,3,0,1,1713.0652173913043
1973,22.0,1,1,50,85995.0,13,39,2,0,3,1,1,1719.9
1974,42.0,0,3,21,62250.0,25,48,4,2,4,1,1,2964.285714285714
1975,43.0,0,1,21,17673.0,48,174,1,2,4,0,1,841.5714285714286
1976,21.0,0,1,5,28056.0,18,176,3,2,4,0,1,5611.2
1977,36.0,1,1,48,7614.0,12,39,2,0,0,1,0,158.625
1978,37.0,0,3,20,8415.0,40,132,2,0,1,0,1,420.75
1979,50.0,0,0,37,89691.0,17,30,2,2,3,1,1,2424.0810810810813
1980,37.0,0,1,3,44884.0,15,158,4,1,0,1,0,14961.333333333334
1981,29.0,0,3,44,17964.0,42,22,1,0,3,0,1,408.27272727272725
1982,64.0,1,0,33,50133.5,15,66,5,0,0,1,0,1519.1969696969697
1983,18.0,1,1,53,38044.0,15,108,1,2,4,1,1,717.811320754717
1984,43.0,0,2,9,58149.0,39,12,4,1,3,1,1,6461.0
1985,31.0,0,0,9,38544.0,13,36,2,2,4,0,1,4282.666666666667
1986,55.0,1,1,4,50976.0,17,18,3,0,3,0,1,12744.0
1987,54.0,1,0,35,33252.0,32,90,2,0,2,0,0,950.0571428571428
1988,28.0,0,0,17,4832.0,9,1,5,2,0,1,0,284.2352941176471
1989,42.0,1,0,34,91811.0,40,127,3,2,2,1,0,2700.323529411765
1990,30.0,0,0,24,81437.0,20,90,2,1,0,0,0,3393.2083333333335
1991,60.0,1,0,32,35148.0,26,87,3,1,1,0,0,1098.375
1992,20.0,1,0,1,62240.0,27,90,1,0,3,0,1,62240.0
1993,50.0,1,1,8,89454.0,21,134,4,1,1,1,0,11181.75
1994,23.0,1,2,45,86076.0,18,70,2,1,1,0,0,1912.8
1995,27.0,0,3,23,78116.0,13,44,5,0,0,1,0,3396.3478260869565
1996,22.0,1,0,47,54459.0,16,152,1,0,2,0,1,1158.7021276595744
1997,40.0,1,3,40,39402.0,9,86,2,0,4,1,1,985.05
1998,27.0,0,1,12,58727.0,12,19,1,0,0,1,0,4893.916666666667
1999,61.0,1,0,54,39578.0,44,101,5,2,4,0,1,732.925925925926
2000,19.0,1,2,12,91453.0,38,146,2,0,1,1,1,7621.083333333333
