CustomerID,Recency,Frequency,Monetary,Churn
1,14.0,6.0,193.03,0
2,17.0,1.0,95.78,0
3,0.0,2.0,50.24,0
4,8.0,7.0,686.39,0
5,21.0,5.0,124.51,0
6,7.0,6.0,177.26,0
7,6.0,9.0,324.78,0
8,6.0,5.0,163.32999999999998,0
9,4.0,4.0,195.55,0
10,8.0,5.0,466.42,0
11,13.0,7.0,385.55,0
12,13.0,4.0,106.02999999999999,0
13,3.0,5.0,190.5,0
14,3.0,9.0,308.88,0
15,12.0,7.0,261.68,0
16,7.0,7.0,451.05,0
17,92.0,5.0,375.32,1
18,6.0,6.0,620.04,0
19,3.0,4.0,102.77000000000001,0
20,5.0,4.0,256.2,0
21,5.0,5.0,255.59,0
22,0.0,4.0,343.77,0
23,4.0,3.0,159.94,0
24,17.0,6.0,190.05,0
25,254.0,2.0,26.64,1
26,19.0,9.0,469.46,0
27,26.0,6.0,392.15999999999997,0
28,14.0,8.0,407.11,0
29,4.0,3.0,329.59,0
30,9.0,7.0,240.69,0
31,14.0,8.0,684.1700000000001,0
32,4.0,6.0,167.0,0
33,19.0,2.0,46.79,0
34,13.0,5.0,479.01000000000005,0
35,190.0,7.0,232.72,1
36,6.0,8.0,204.27,0
37,6.0,5.0,120.68,0
38,4.0,4.0,222.18,0
39,11.0,4.0,65.68,0
40,0.0,5.0,213.95,0
41,9.0,6.0,320.97,0
42,5.0,8.0,184.03,0
43,2.0,9.0,438.74,0
44,14.0,6.0,149.99,0
45,0.0,3.0,177.79,0
46,7.0,3.0,279.02,0
47,10.0,4.0,206.38,0
48,4.0,4.0,240.34,0
49,4.0,5.0,210.29000000000002,0
50,16.0,5.0,140.88,0
51,3.0,8.0,465.64,0
52,2.0,6.0,172.04,0
53,7.0,6.0,270.78,0
54,32.0,4.0,161.67000000000002,0
55,14.0,5.0,279.73,0
56,20.0,2.0,46.71,0
57,1.0,6.0,250.99,0
58,20.0,4.0,153.41,0
59,4.0,10.0,503.58,0
60,38.0,3.0,72.03,0
61,446.0,1.0,45.15,1
62,1.0,11.0,360.16,0
63,16.0,4.0,245.5,0
64,5.0,7.0,695.71,0
65,28.0,1.0,7.96,0
66,10.0,9.0,394.05,0
67,4.0,7.0,360.06,0
68,5.0,8.0,158.48,0
69,2.0,7.0,372.94,0
70,93.0,5.0,427.88,1
71,2.0,5.0,250.78000000000003,0
72,5.0,6.0,187.44,0
73,0.0,5.0,319.54,0
74,3.0,7.0,290.84,0
75,13.0,4.0,77.12,0
76,200.0,6.0,319.39,1
77,0.0,4.0,104.0,0
78,87.0,4.0,73.92999999999999,0
79,9.0,6.0,421.23,0
80,191.0,6.0,150.3,1
81,21.0,5.0,382.06,0
82,76.0,2.0,12.170000000000002,0
83,226.0,4.0,159.83,1
84,4.0,4.0,224.94,0
85,5.0,6.0,203.48,0
86,19.0,3.0,206.0,0
87,6.0,2.0,63.53,0
88,96.0,5.0,204.9,1
89,5.0,8.0,97.53,0
90,10.0,2.0,81.96000000000001,0
91,26.0,2.0,149.39,0
92,6.0,8.0,444.98,0
93,11.0,4.0,175.56,0
94,0.0,5.0,64.11,0
95,141.0,5.0,195.48,1
96,21.0,6.0,435.72999999999996,0
97,1.0,3.0,130.97,0
98,183.0,3.0,94.38000000000001,1
99,1.0,6.0,233.44,0
100,307.0,4.0,67.89,1
101,8.0,5.0,281.33000000000004,0
102,11.0,3.0,72.31,0
103,12.0,5.0,179.74,0
104,3.0,3.0,85.35000000000001,0
105,21.0,5.0,108.47,0
106,47.0,1.0,3.19,0
107,27.0,4.0,110.28999999999999,0
108,19.0,2.0,229.10000000000002,0
109,58.0,10.0,441.11,0
110,7.0,1.0,153.91,0
111,1.0,4.0,285.19,0
112,0.0,6.0,187.73,0
113,6.0,3.0,67.31,0
114,85.0,2.0,96.8,0
115,16.0,4.0,132.29,0
116,5.0,4.0,165.73000000000002,0
117,6.0,3.0,125.35,0
118,8.0,6.0,118.39999999999999,0
119,3.0,7.0,525.3,0
120,9.0,6.0,469.67999999999995,0
121,13.0,4.0,199.45,0
122,13.0,3.0,118.33,0
123,1.0,9.0,260.19,0
124,0.0,5.0,291.78999999999996,0
125,11.0,4.0,272.9,0
126,12.0,5.0,299.82,0
127,428.0,3.0,263.2,1
128,27.0,5.0,98.27,0
129,7.0,8.0,208.96,0
130,13.0,2.0,12.08,0
131,0.0,3.0,21.62,0
132,4.0,5.0,370.34,0
133,23.0,7.0,251.89,0
134,15.0,6.0,364.09,0
135,0.0,6.0,234.2,0
136,1.0,4.0,203.29999999999998,0
137,13.0,5.0,218.23,0
138,0.0,6.0,250.48000000000002,0
139,13.0,5.0,224.29,0
140,2.0,10.0,514.87,0
141,1.0,8.0,352.05,0
142,5.0,3.0,35.75,0
143,4.0,7.0,248.97000000000003,0
144,1.0,4.0,230.2,0
145,10.0,5.0,308.54,0
146,20.0,4.0,125.74000000000001,0
147,202.0,2.0,60.510000000000005,1
148,0.0,7.0,274.9,0
149,70.0,3.0,18.880000000000003,0
150,1.0,7.0,442.53999999999996,0
151,283.0,3.0,129.06,1
152,0.0,4.0,205.64,0
153,11.0,6.0,412.93,0
154,0.0,4.0,203.07999999999998,0
155,68.0,12.0,835.88,0
156,6.0,5.0,206.78,0
157,0.0,3.0,144.57,0
158,3.0,6.0,106.32,0
159,13.0,1.0,148.44,0
160,9.0,9.0,209.10000000000002,0
161,3.0,3.0,67.96,0
162,2.0,7.0,201.70999999999998,0
163,7.0,3.0,131.02,0
164,4.0,6.0,252.55,0
165,0.0,5.0,755.4200000000001,0
166,1.0,9.0,492.82,0
167,46.0,6.0,310.51,0
168,75.0,1.0,11.86,0
169,3.0,5.0,352.19,0
170,2.0,4.0,120.30000000000001,0
171,0.0,4.0,148.15,0
172,529.0,1.0,15.54,1
173,40.0,5.0,176.6,0
174,290.0,4.0,300.27000000000004,1
175,5.0,5.0,386.81,0
176,4.0,5.0,313.02,0
177,7.0,7.0,338.94,0
178,3.0,7.0,310.38,0
179,0.0,7.0,147.59,0
180,268.0,4.0,268.36,1
181,24.0,5.0,170.53,0
182,365.0,0.0,0.0,1
183,12.0,3.0,183.16,0
184,13.0,3.0,90.16999999999999,0
185,7.0,3.0,141.82,0
186,12.0,4.0,165.24,0
187,365.0,0.0,0.0,1
188,10.0,3.0,68.4,0
189,1.0,6.0,89.62,0
190,3.0,4.0,280.23,0
191,13.0,4.0,108.68,0
192,119.0,6.0,273.74,1
193,46.0,5.0,279.89,0
194,11.0,8.0,343.83000000000004,0
195,23.0,4.0,161.25,0
196,328.0,1.0,125.92,1
197,78.0,5.0,291.64,0
198,3.0,8.0,357.71999999999997,0
199,17.0,5.0,313.13,0
200,163.0,2.0,153.45000000000002,1
201,13.0,9.0,432.03,0
202,1.0,5.0,167.27,0
203,211.0,3.0,145.85,1
204,463.0,1.0,176.9,1
205,111.0,5.0,108.68,1
206,1.0,5.0,325.27,0
207,17.0,4.0,398.65999999999997,0
208,0.0,5.0,371.93,0
209,8.0,4.0,329.18,0
210,0.0,10.0,427.05,0
211,10.0,2.0,88.17,0
212,365.0,0.0,0.0,1
213,8.0,4.0,345.45,0
214,20.0,2.0,87.56,0
215,19.0,2.0,108.85,0
216,0.0,3.0,158.63,0
217,17.0,4.0,167.82999999999998,0
218,1.0,7.0,251.05,0
219,11.0,4.0,86.83,0
220,4.0,7.0,237.0,0
221,19.0,3.0,140.81,0
222,2.0,5.0,140.09,0
223,25.0,1.0,26.91,0
224,7.0,8.0,446.78,0
225,20.0,4.0,155.86,0
226,14.0,1.0,3.98,0
227,29.0,1.0,44.59,0
228,139.0,5.0,163.60000000000002,1
229,6.0,6.0,98.99,0
230,7.0,3.0,150.77,0
231,23.0,3.0,60.660000000000004,0
232,114.0,3.0,201.06,1
233,4.0,8.0,291.99,0
234,211.0,4.0,157.0,1
235,26.0,4.0,411.18,0
236,87.0,3.0,102.11,0
237,8.0,5.0,130.5,0
238,12.0,3.0,141.81,0
239,5.0,8.0,270.11,0
240,11.0,6.0,258.75,0
241,7.0,3.0,59.39,0
242,110.0,11.0,514.78,1
243,40.0,5.0,286.27000000000004,0
244,124.0,6.0,307.78000000000003,1
245,10.0,4.0,128.82,0
246,18.0,7.0,333.83,0
247,7.0,6.0,466.33000000000004,0
248,57.0,7.0,221.82,0
249,6.0,5.0,373.71,0
250,2.0,9.0,552.98,0
251,8.0,5.0,162.43,0
252,14.0,1.0,59.04,0
253,11.0,6.0,328.91,0
254,4.0,6.0,236.92,0
255,4.0,6.0,199.57,0
256,6.0,5.0,151.84,0
257,158.0,3.0,50.769999999999996,1
258,0.0,5.0,354.47,0
259,3.0,3.0,258.14,0
260,5.0,2.0,85.15,0
261,19.0,3.0,369.66999999999996,0
262,43.0,5.0,238.65,0
263,194.0,8.0,462.59999999999997,1
264,0.0,7.0,70.45,0
265,4.0,2.0,31.99,0
266,7.0,6.0,388.08,0
267,2.0,8.0,199.81,0
268,4.0,5.0,317.39,0
269,72.0,7.0,648.84,0
270,4.0,4.0,255.72,0
271,5.0,3.0,193.47,0
272,1.0,4.0,227.77,0
273,0.0,15.0,820.15,0
274,1.0,3.0,184.72,0
275,73.0,4.0,64.33,0
276,4.0,4.0,196.94,0
277,8.0,5.0,287.66999999999996,0
278,2.0,6.0,262.53,0
279,5.0,5.0,285.35,0
280,2.0,4.0,95.92999999999999,0
281,7.0,6.0,393.82,0
282,2.0,7.0,153.88,0
283,124.0,1.0,58.67,1
284,34.0,3.0,85.35,0
285,188.0,3.0,209.42,1
286,5.0,9.0,308.03999999999996,0
287,0.0,2.0,113.53999999999999,0
288,27.0,4.0,432.34,0
289,2.0,4.0,215.28,0
290,15.0,5.0,283.59,0
291,20.0,7.0,239.67,0
292,10.0,5.0,314.29,0
293,3.0,4.0,273.63,0
294,9.0,6.0,316.99,0
295,8.0,3.0,203.85000000000002,0
296,20.0,7.0,405.36,0
297,2.0,12.0,687.61,0
298,6.0,5.0,371.61,0
299,3.0,9.0,175.79,0
300,13.0,7.0,465.19,0
301,8.0,3.0,189.98000000000002,0
302,1.0,6.0,76.44,0
303,15.0,3.0,48.17,0
304,4.0,9.0,615.31,0
305,2.0,9.0,467.24,0
306,6.0,3.0,261.27,0
307,2.0,5.0,125.09,0
308,162.0,4.0,143.07999999999998,1
309,4.0,4.0,145.82,0
310,67.0,6.0,547.61,0
311,1.0,7.0,235.16,0
312,99.0,4.0,178.07999999999998,1
313,323.0,5.0,248.62,1
314,67.0,3.0,411.64,0
315,13.0,2.0,35.519999999999996,0
316,118.0,1.0,5.21,1
317,13.0,4.0,211.9,0
318,24.0,5.0,334.86,0
319,76.0,1.0,12.78,0
320,0.0,8.0,661.09,0
321,14.0,6.0,399.65999999999997,0
322,39.0,5.0,641.49,0
323,348.0,3.0,241.78,1
324,0.0,11.0,465.24,0
325,0.0,6.0,154.92999999999998,0
326,0.0,4.0,109.16,0
327,0.0,3.0,109.48,0
328,3.0,8.0,543.38,0
329,15.0,6.0,342.12,0
330,17.0,3.0,98.38,0
331,130.0,4.0,241.45,1
332,0.0,7.0,339.73,0
333,18.0,6.0,414.85,0
334,16.0,2.0,204.59,0
335,3.0,3.0,114.52,0
336,5.0,6.0,328.43,0
337,0.0,6.0,266.19,0
338,12.0,3.0,83.5,0
339,2.0,7.0,322.92,0
340,22.0,5.0,268.94,0
341,10.0,1.0,9.44,0
342,242.0,3.0,85.19999999999999,1
343,14.0,7.0,268.1,0
344,18.0,7.0,332.99,0
345,365.0,0.0,0.0,1
346,41.0,6.0,335.38,0
347,20.0,5.0,443.1,0
348,13.0,4.0,106.61,0
349,3.0,4.0,231.75,0
350,0.0,5.0,111.44999999999999,0
351,0.0,8.0,495.68,0
352,114.0,6.0,259.04,1
353,82.0,4.0,132.84,0
354,0.0,7.0,283.65,0
355,5.0,8.0,312.15,0
356,0.0,5.0,393.43,0
357,5.0,7.0,526.77,0
358,0.0,9.0,459.44,0
359,3.0,5.0,286.41,0
360,14.0,5.0,147.99,0
361,191.0,4.0,231.47,1
362,3.0,5.0,212.57,0
363,12.0,5.0,288.86,0
364,19.0,5.0,459.16,0
365,19.0,4.0,90.42999999999999,0
366,1.0,7.0,338.84000000000003,0
367,0.0,6.0,368.09000000000003,0
368,11.0,5.0,368.69,0
369,1.0,6.0,313.85,0
370,17.0,5.0,387.02,0
371,2.0,4.0,369.73,0
372,1.0,7.0,289.68,0
373,1.0,5.0,306.03999999999996,0
374,1.0,4.0,166.2,0
375,28.0,5.0,338.61,0
376,7.0,10.0,249.8,0
377,1.0,4.0,230.66,0
378,6.0,4.0,336.71,0
379,0.0,5.0,229.07999999999998,0
380,5.0,6.0,246.72,0
381,2.0,6.0,234.68,0
382,14.0,6.0,382.36,0
383,1.0,4.0,277.73,0
384,4.0,4.0,80.84,0
385,18.0,4.0,249.57,0
386,1.0,7.0,237.55,0
387,4.0,5.0,429.25,0
388,4.0,4.0,262.21,0
389,11.0,4.0,184.07000000000002,0
390,8.0,3.0,83.59,0
391,150.0,2.0,112.83,1
392,221.0,2.0,7.07,1
393,0.0,3.0,53.67,0
394,0.0,8.0,472.21,0
395,291.0,3.0,225.51,1
396,0.0,9.0,735.88,0
397,27.0,5.0,173.32,0
398,6.0,5.0,160.85,0
399,345.0,4.0,161.49,1
400,215.0,4.0,387.24,1
401,7.0,9.0,537.79,0
402,10.0,3.0,193.91,0
403,63.0,10.0,443.96,0
404,1.0,8.0,411.16,0
405,3.0,7.0,321.59,0
406,16.0,9.0,514.04,0
407,112.0,2.0,68.69,1
408,104.0,5.0,138.24,1
409,22.0,4.0,151.12,0
410,445.0,5.0,308.37,1
411,335.0,6.0,387.0,1
412,0.0,4.0,150.29,0
413,218.0,4.0,152.19,1
414,23.0,10.0,670.39,0
415,14.0,7.0,488.0,0
416,34.0,5.0,292.63,0
417,114.0,4.0,63.83,1
418,58.0,4.0,182.47,0
419,4.0,6.0,316.7,0
420,6.0,2.0,56.32,0
421,2.0,4.0,168.1,0
422,0.0,6.0,262.76,0
423,1.0,7.0,237.75,0
424,11.0,6.0,517.75,0
425,2.0,4.0,491.19,0
426,6.0,11.0,426.34000000000003,0
427,1.0,4.0,179.51,0
428,57.0,3.0,109.1,0
429,1.0,7.0,246.98,0
430,6.0,5.0,115.09,0
431,92.0,5.0,528.58,1
432,5.0,7.0,256.37,0
433,26.0,9.0,369.87,0
434,4.0,5.0,449.48,0
435,0.0,4.0,176.31,0
436,0.0,12.0,635.0799999999999,0
437,15.0,7.0,575.03,0
438,230.0,2.0,136.72,1
439,1.0,6.0,305.4,0
440,5.0,4.0,161.67000000000002,0
441,1.0,6.0,180.45,0
442,7.0,3.0,212.85,0
443,6.0,8.0,395.52,0
444,13.0,5.0,90.75,0
445,2.0,4.0,153.91,0
446,18.0,2.0,51.39,0
447,7.0,5.0,204.58,0
448,1.0,4.0,83.7,0
449,1.0,10.0,696.05,0
450,4.0,3.0,192.74,0
451,10.0,4.0,151.84,0
452,7.0,7.0,533.6800000000001,0
453,20.0,6.0,167.7,0
454,26.0,7.0,167.7,0
455,1.0,4.0,167.32,0
456,184.0,2.0,45.58,1
457,11.0,3.0,381.87,0
458,29.0,6.0,420.25,0
459,13.0,2.0,134.39000000000001,0
460,2.0,5.0,491.22999999999996,0
461,12.0,1.0,5.8,0
462,19.0,3.0,78.52,0
463,5.0,3.0,44.85,0
464,1.0,6.0,352.14,0
465,17.0,6.0,304.62,0
466,51.0,7.0,212.16,0
467,19.0,5.0,78.2,0
468,70.0,4.0,302.87,0
469,3.0,8.0,380.58,0
470,7.0,8.0,309.14,0
471,4.0,5.0,127.65,0
472,6.0,4.0,226.21,0
473,0.0,6.0,114.77000000000001,0
474,2.0,5.0,175.68,0
475,2.0,5.0,268.84000000000003,0
476,4.0,4.0,234.74,0
477,13.0,4.0,108.69,0
478,0.0,7.0,434.73,0
479,22.0,3.0,119.74,0
480,0.0,6.0,340.43,0
481,7.0,7.0,405.73,0
482,13.0,4.0,141.91,0
483,28.0,3.0,125.93,0
484,10.0,5.0,109.64,0
485,280.0,5.0,224.76,1
486,12.0,5.0,109.41000000000001,0
487,0.0,6.0,182.47,0
488,2.0,8.0,726.03,0
489,4.0,4.0,127.44999999999999,0
490,7.0,4.0,95.96,0
491,12.0,4.0,248.16,0
492,1.0,5.0,145.07,0
493,5.0,8.0,478.41,0
494,14.0,5.0,395.32,0
495,3.0,1.0,83.54,0
496,8.0,4.0,91.44,0
497,25.0,4.0,222.93,0
498,9.0,5.0,584.72,0
499,19.0,1.0,21.51,0
500,0.0,3.0,177.94,0
501,64.0,4.0,271.61,0
502,3.0,8.0,233.87,0
503,5.0,5.0,416.73,0
504,1.0,10.0,555.3299999999999,0
505,3.0,7.0,349.38,0
506,13.0,5.0,274.48,0
507,2.0,6.0,109.53,0
508,38.0,3.0,285.61,0
509,16.0,4.0,91.33,0
510,27.0,5.0,230.06,0
511,124.0,2.0,83.48,1
512,90.0,6.0,267.55,0
513,0.0,6.0,291.18,0
514,1.0,6.0,247.42000000000002,0
515,0.0,4.0,180.26,0
516,11.0,3.0,119.36,0
517,3.0,4.0,107.05000000000001,0
518,41.0,3.0,94.47,0
519,1.0,8.0,298.95,0
520,3.0,5.0,220.87,0
521,6.0,8.0,602.62,0
522,6.0,4.0,79.0,0
523,17.0,6.0,580.3299999999999,0
524,12.0,7.0,217.78,0
525,113.0,2.0,64.32000000000001,1
526,0.0,2.0,109.83,0
527,52.0,3.0,242.8,0
528,8.0,5.0,140.35,0
529,13.0,9.0,439.67,0
530,114.0,5.0,103.56,1
531,65.0,7.0,518.8,0
532,14.0,6.0,257.98,0
533,13.0,1.0,65.88,0
534,18.0,2.0,119.55000000000001,0
535,266.0,4.0,287.29,1
536,110.0,5.0,169.61,1
537,0.0,8.0,500.59000000000003,0
538,7.0,4.0,225.16000000000003,0
539,6.0,10.0,558.79,0
540,2.0,6.0,183.2,0
541,45.0,6.0,198.16,0
542,6.0,8.0,504.53999999999996,0
543,3.0,4.0,123.36999999999999,0
544,17.0,2.0,44.23,0
545,10.0,8.0,537.79,0
546,24.0,5.0,190.70999999999998,0
547,3.0,5.0,207.02,0
548,6.0,2.0,49.050000000000004,0
549,2.0,3.0,390.97,0
550,68.0,2.0,22.759999999999998,0
551,23.0,2.0,79.49000000000001,0
552,269.0,6.0,268.07,1
553,74.0,4.0,140.72,0
554,4.0,4.0,393.14,0
555,12.0,3.0,210.93,0
556,32.0,5.0,114.75,0
557,228.0,3.0,114.12,1
558,9.0,7.0,286.39,0
559,1.0,7.0,285.51000000000005,0
560,1.0,5.0,198.49,0
561,1.0,7.0,558.88,0
562,93.0,4.0,76.52,1
563,24.0,4.0,159.20999999999998,0
564,16.0,2.0,93.27000000000001,0
565,1.0,4.0,148.19,0
566,5.0,4.0,160.84,0
567,2.0,6.0,188.89,0
568,4.0,3.0,67.42,0
569,7.0,4.0,365.52000000000004,0
570,0.0,4.0,250.73,0
571,0.0,6.0,316.36,0
572,249.0,5.0,255.78,1
573,7.0,7.0,445.73,0
574,303.0,2.0,99.08,1
575,9.0,3.0,139.83,0
576,6.0,3.0,91.69,0
577,3.0,8.0,257.43,0
578,28.0,2.0,97.83999999999999,0
579,17.0,1.0,12.12,0
580,0.0,3.0,189.5,0
581,9.0,5.0,429.51,0
582,16.0,5.0,95.71,0
583,1.0,5.0,370.68,0
584,57.0,10.0,516.88,0
585,3.0,6.0,327.22,0
586,91.0,4.0,32.339999999999996,1
587,31.0,8.0,206.91,0
588,63.0,5.0,306.53000000000003,0
589,142.0,4.0,156.12,1
590,10.0,6.0,151.74,0
591,22.0,4.0,309.46000000000004,0
592,8.0,8.0,506.09000000000003,0
593,17.0,2.0,161.64,0
594,6.0,8.0,574.61,0
595,12.0,6.0,643.28,0
596,4.0,8.0,460.89,0
597,3.0,7.0,518.19,0
598,3.0,7.0,488.84000000000003,0
599,4.0,6.0,305.11,0
600,4.0,4.0,171.76,0
601,11.0,4.0,119.66,0
602,17.0,3.0,69.24,0
603,10.0,3.0,87.66,0
604,339.0,4.0,247.2,1
605,9.0,5.0,129.9,0
606,11.0,7.0,456.04999999999995,0
607,1.0,3.0,103.11000000000001,0
608,75.0,6.0,313.43,0
609,0.0,5.0,230.06,0
610,365.0,0.0,0.0,1
611,10.0,4.0,153.07,0
612,5.0,5.0,158.55,0
613,6.0,3.0,93.25,0
614,44.0,4.0,156.28,0
615,174.0,3.0,107.39,1
616,8.0,4.0,236.70000000000002,0
617,3.0,5.0,273.27,0
618,9.0,4.0,177.05,0
619,19.0,6.0,190.64000000000001,0
620,6.0,3.0,233.21,0
621,27.0,2.0,19.1,0
622,14.0,8.0,307.84,0
623,11.0,3.0,106.32000000000001,0
624,1.0,7.0,317.55,0
625,12.0,4.0,73.55,0
626,3.0,7.0,198.55,0
627,4.0,3.0,170.52,0
628,0.0,12.0,472.41,0
629,3.0,8.0,407.2,0
630,162.0,7.0,477.02,1
631,60.0,4.0,129.13,0
632,54.0,3.0,69.7,0
633,5.0,4.0,162.43,0
634,2.0,5.0,169.23,0
635,6.0,3.0,208.76999999999998,0
636,1.0,5.0,281.44,0
637,23.0,6.0,404.38,0
638,172.0,5.0,134.53,1
639,13.0,9.0,243.35999999999999,0
640,20.0,5.0,261.6,0
641,0.0,6.0,414.09000000000003,0
642,5.0,9.0,697.48,0
643,5.0,5.0,226.92999999999998,0
644,22.0,6.0,305.2,0
645,2.0,9.0,313.24,0
646,83.0,7.0,146.8,0
647,7.0,8.0,359.23,0
648,0.0,2.0,279.25,0
649,0.0,5.0,129.47,0
650,83.0,3.0,152.48,0
651,2.0,4.0,250.89000000000001,0
652,2.0,6.0,462.04,0
653,4.0,6.0,337.2,0
654,12.0,4.0,242.3,0
655,2.0,2.0,102.14999999999999,0
656,314.0,4.0,458.25,1
657,9.0,4.0,172.25,0
658,26.0,3.0,137.65,0
659,6.0,6.0,200.4,0
660,2.0,6.0,216.92000000000002,0
661,8.0,9.0,404.47,0
662,0.0,5.0,89.17999999999999,0
663,10.0,7.0,281.95,0
664,2.0,12.0,376.61,0
665,6.0,6.0,220.2,0
666,3.0,3.0,157.82,0
667,10.0,3.0,181.52,0
668,11.0,3.0,104.42999999999999,0
669,9.0,6.0,179.98,0
670,3.0,10.0,339.77,0
671,7.0,4.0,71.88,0
672,23.0,5.0,130.46,0
673,22.0,3.0,81.72,0
674,194.0,4.0,94.13,1
675,1.0,6.0,374.02,0
676,14.0,2.0,94.74,0
677,1.0,4.0,157.95,0
678,0.0,7.0,386.85,0
679,67.0,3.0,88.89,0
680,4.0,7.0,388.02,0
681,7.0,3.0,33.45,0
682,27.0,6.0,409.86,0
683,21.0,8.0,111.94,0
684,3.0,5.0,201.07,0
685,10.0,5.0,346.17999999999995,0
686,0.0,4.0,173.17999999999998,0
687,4.0,1.0,20.61,0
688,0.0,5.0,451.84999999999997,0
689,9.0,3.0,156.89,0
690,231.0,8.0,472.03999999999996,1
691,0.0,6.0,210.78,0
692,67.0,4.0,223.64,0
693,14.0,6.0,281.13,0
694,10.0,3.0,96.48,0
695,4.0,9.0,238.51,0
696,120.0,2.0,64.06,1
697,11.0,6.0,493.83,0
698,498.0,2.0,137.01999999999998,1
699,10.0,5.0,223.15,0
700,4.0,5.0,215.16,0
701,413.0,2.0,139.82999999999998,1
702,19.0,5.0,571.76,0
703,354.0,3.0,186.95,1
704,2.0,9.0,854.4399999999999,0
705,18.0,8.0,467.44,0
706,435.0,4.0,188.48000000000002,1
707,430.0,1.0,22.47,1
708,16.0,9.0,557.13,0
709,555.0,2.0,96.44,1
710,0.0,9.0,386.59,0
711,27.0,4.0,95.67999999999999,0
712,3.0,5.0,257.02,0
713,5.0,3.0,83.17999999999999,0
714,4.0,5.0,288.38,0
715,24.0,2.0,173.69,0
716,7.0,6.0,476.09,0
717,82.0,2.0,98.50999999999999,0
718,28.0,2.0,39.989999999999995,0
719,22.0,4.0,472.06,0
720,1.0,4.0,183.76,0
721,6.0,7.0,378.82,0
722,2.0,6.0,511.42,0
723,19.0,8.0,420.43,0
724,3.0,7.0,241.73000000000002,0
725,238.0,2.0,120.08,1
726,2.0,7.0,351.07,0
727,0.0,7.0,334.58,0
728,5.0,5.0,93.64,0
729,1.0,3.0,142.05,0
730,10.0,9.0,348.53,0
731,5.0,5.0,185.89000000000001,0
732,37.0,2.0,47.85,0
733,16.0,7.0,141.53,0
734,83.0,3.0,255.01,0
735,60.0,2.0,116.52,0
736,6.0,8.0,906.28,0
737,168.0,6.0,455.97,1
738,68.0,4.0,183.69,0
739,40.0,6.0,386.76,0
740,6.0,7.0,210.46,0
741,104.0,3.0,62.980000000000004,1
742,0.0,8.0,383.32,0
743,362.0,5.0,399.93,1
744,65.0,3.0,61.78,0
745,24.0,3.0,132.19,0
746,87.0,6.0,221.47,0
747,23.0,4.0,117.83,0
748,2.0,5.0,281.53,0
749,0.0,8.0,329.95,0
750,3.0,6.0,232.66,0
751,9.0,5.0,282.32,0
752,0.0,7.0,160.97,0
753,1.0,7.0,388.90999999999997,0
754,7.0,2.0,155.8,0
755,347.0,3.0,67.75999999999999,1
756,7.0,5.0,179.73,0
757,0.0,5.0,332.07,0
758,83.0,7.0,245.37,0
759,168.0,3.0,167.69,1
760,51.0,3.0,205.55,0
761,17.0,3.0,145.34,0
762,5.0,3.0,82.98,0
763,5.0,9.0,352.42,0
764,1.0,7.0,263.56,0
765,2.0,7.0,261.58,0
766,11.0,7.0,348.14,0
767,5.0,7.0,244.97,0
768,4.0,9.0,617.36,0
769,3.0,6.0,383.09999999999997,0
770,21.0,6.0,185.75,0
771,0.0,6.0,289.12,0
772,226.0,2.0,13.93,1
773,23.0,6.0,309.41,0
774,29.0,3.0,210.25,0
775,9.0,4.0,156.3,0
776,1.0,6.0,120.45,0
777,1.0,3.0,177.20000000000002,0
778,20.0,3.0,254.87,0
779,0.0,4.0,214.56,0
780,3.0,4.0,311.83,0
781,3.0,7.0,204.29000000000002,0
782,13.0,4.0,206.58,0
783,6.0,8.0,293.77,0
784,6.0,8.0,599.18,0
785,0.0,7.0,329.24,0
786,321.0,5.0,332.03999999999996,1
787,192.0,3.0,91.83,1
788,38.0,6.0,204.04000000000002,0
789,0.0,7.0,332.03,0
790,55.0,7.0,617.54,0
791,0.0,3.0,78.65,0
792,26.0,4.0,177.17000000000002,0
793,2.0,6.0,187.97,0
794,6.0,6.0,195.43,0
795,1.0,5.0,174.89,0
796,2.0,6.0,79.34,0
797,4.0,5.0,442.56,0
798,10.0,9.0,420.08000000000004,0
799,23.0,5.0,445.87,0
800,23.0,7.0,209.18,0
801,300.0,4.0,161.75,1
802,17.0,5.0,214.33999999999997,0
803,14.0,2.0,108.1,0
804,10.0,4.0,60.12,0
805,3.0,5.0,214.21,0
806,24.0,1.0,66.85,0
807,4.0,3.0,124.77000000000001,0
808,9.0,3.0,175.13,0
809,4.0,4.0,122.03999999999999,0
810,6.0,5.0,231.07,0
811,2.0,6.0,296.18,0
812,23.0,2.0,31.09,0
813,18.0,6.0,471.83000000000004,0
814,14.0,1.0,45.82,0
815,31.0,4.0,477.57000000000005,0
816,25.0,6.0,422.98,0
817,16.0,1.0,18.45,0
818,22.0,5.0,158.65,0
819,12.0,3.0,209.26,0
820,28.0,2.0,27.799999999999997,0
821,8.0,5.0,270.3,0
822,95.0,7.0,648.42,1
823,12.0,4.0,59.58,0
824,226.0,3.0,56.699999999999996,1
825,16.0,2.0,21.92,0
826,10.0,4.0,149.61,0
827,365.0,0.0,0.0,1
828,12.0,4.0,81.74000000000001,0
829,8.0,9.0,242.85,0
830,9.0,7.0,373.86,0
831,12.0,4.0,114.47,0
832,100.0,8.0,332.48,1
833,2.0,6.0,262.03,0
834,16.0,2.0,197.20999999999998,0
835,7.0,5.0,141.99,0
836,4.0,6.0,355.88,0
837,4.0,7.0,88.26,0
838,113.0,3.0,136.02,1
839,116.0,2.0,147.13,1
840,5.0,3.0,178.51,0
841,3.0,8.0,290.75,0
842,39.0,7.0,400.0,0
843,7.0,6.0,167.13,0
844,5.0,7.0,372.06,0
845,11.0,6.0,381.39,0
846,13.0,4.0,170.06,0
847,5.0,3.0,146.83,0
848,1.0,12.0,434.19,0
849,50.0,5.0,285.61,0
850,5.0,5.0,263.68,0
851,0.0,7.0,251.48,0
852,15.0,3.0,169.47,0
853,73.0,8.0,258.96000000000004,0
854,1.0,5.0,126.18,0
855,20.0,4.0,262.02,0
856,2.0,5.0,447.90999999999997,0
857,5.0,5.0,257.49,0
858,17.0,2.0,96.97,0
859,151.0,4.0,139.94000000000003,1
860,0.0,6.0,339.45,0
861,3.0,6.0,387.57,0
862,11.0,6.0,352.57,0
863,0.0,6.0,358.25,0
864,12.0,7.0,479.7,0
865,12.0,3.0,91.16,0
866,3.0,2.0,210.78,0
867,2.0,7.0,411.36,0
868,25.0,6.0,334.15,0
869,4.0,7.0,269.34000000000003,0
870,17.0,2.0,337.53,0
871,14.0,4.0,310.38,0
872,1.0,6.0,403.73,0
873,365.0,0.0,0.0,1
874,369.0,1.0,86.8,1
875,12.0,5.0,183.93,0
876,123.0,3.0,223.45,1
877,1.0,9.0,388.79999999999995,0
878,11.0,5.0,351.26,0
879,18.0,1.0,98.23,0
880,0.0,1.0,42.75,0
881,0.0,6.0,212.5,0
882,14.0,2.0,13.989999999999998,0
883,3.0,7.0,244.76000000000002,0
884,4.0,5.0,98.57000000000001,0
885,8.0,6.0,341.03000000000003,0
886,26.0,7.0,284.9,0
887,6.0,3.0,101.42,0
888,3.0,8.0,442.75,0
889,3.0,5.0,476.95,0
890,6.0,8.0,365.36,0
891,3.0,6.0,377.24,0
892,8.0,4.0,232.73000000000002,0
893,1.0,8.0,548.28,0
894,5.0,5.0,217.18,0
895,3.0,11.0,450.77,0
896,1.0,6.0,306.52,0
897,1.0,5.0,179.35,0
898,2.0,4.0,357.33000000000004,0
899,4.0,6.0,131.74,0
900,20.0,4.0,107.33000000000001,0
901,13.0,4.0,249.53,0
902,3.0,6.0,478.33,0
903,44.0,4.0,143.57999999999998,0
904,158.0,4.0,267.49,1
905,4.0,3.0,414.68,0
906,0.0,7.0,305.43,0
907,1.0,5.0,234.51,0
908,7.0,3.0,138.67000000000002,0
909,10.0,4.0,182.85,0
910,3.0,6.0,494.72999999999996,0
911,0.0,6.0,93.31,0
912,174.0,2.0,110.1,1
913,1.0,6.0,280.56,0
914,1.0,5.0,445.3,0
915,19.0,5.0,348.89,0
916,78.0,1.0,64.65,0
917,12.0,3.0,413.72999999999996,0
918,22.0,8.0,445.83,0
919,0.0,2.0,102.13,0
920,21.0,5.0,216.48000000000002,0
921,9.0,1.0,2.7,0
922,7.0,5.0,160.51999999999998,0
923,11.0,6.0,620.9200000000001,0
924,0.0,6.0,302.08,0
925,12.0,7.0,324.77,0
926,2.0,4.0,230.15,0
927,0.0,4.0,152.85,0
928,253.0,4.0,147.53,1
929,0.0,4.0,95.47,0
930,15.0,6.0,403.76,0
931,1.0,6.0,241.46,0
932,96.0,8.0,457.77000000000004,1
933,20.0,2.0,143.47,0
934,65.0,4.0,146.63,0
935,27.0,9.0,746.84,0
936,0.0,6.0,347.95,0
937,20.0,5.0,376.02,0
938,11.0,8.0,230.41,0
939,139.0,2.0,213.16000000000003,1
940,0.0,6.0,361.81,0
941,2.0,6.0,163.7,0
942,0.0,2.0,101.01,0
943,471.0,2.0,220.0,1
944,7.0,8.0,449.5,0
945,143.0,2.0,38.34,1
946,1.0,10.0,684.43,0
947,4.0,11.0,694.29,0
948,0.0,7.0,209.44,0
949,8.0,6.0,171.69,0
950,11.0,2.0,65.69,0
951,6.0,6.0,150.84,0
952,16.0,5.0,202.44,0
953,139.0,6.0,276.88,1
954,10.0,4.0,106.28,0
955,26.0,6.0,286.38,0
956,178.0,1.0,25.7,1
957,0.0,4.0,164.71,0
958,12.0,9.0,503.67,0
959,12.0,5.0,52.620000000000005,0
960,0.0,8.0,354.44,0
961,9.0,2.0,187.39999999999998,0
962,2.0,5.0,270.71,0
963,154.0,7.0,380.23,1
964,29.0,1.0,19.27,0
965,7.0,3.0,94.32,0
966,0.0,5.0,320.46,0
967,17.0,1.0,75.99,0
968,2.0,7.0,461.41999999999996,0
969,23.0,6.0,351.56,0
970,0.0,5.0,164.65,0
971,3.0,6.0,250.36,0
972,20.0,6.0,564.0,0
973,2.0,6.0,382.70000000000005,0
974,0.0,9.0,325.73,0
975,0.0,9.0,727.75,0
976,2.0,3.0,43.47,0
977,11.0,8.0,383.81,0
978,16.0,4.0,210.57999999999998,0
979,9.0,6.0,308.68,0
980,8.0,2.0,102.77000000000001,0
981,3.0,3.0,86.42,0
982,2.0,4.0,210.3,0
983,24.0,7.0,440.91999999999996,0
984,56.0,4.0,105.92,0
985,12.0,4.0,310.27,0
986,11.0,1.0,88.57,0
987,3.0,7.0,296.26,0
988,5.0,12.0,575.44,0
989,6.0,10.0,347.68,0
990,18.0,5.0,266.39,0
991,134.0,4.0,186.85,1
992,9.0,3.0,164.8,0
993,18.0,4.0,138.76999999999998,0
994,5.0,4.0,131.95000000000002,0
995,8.0,4.0,149.36,0
996,161.0,10.0,282.49,1
997,4.0,5.0,133.82,0
998,17.0,6.0,329.22,0
999,41.0,1.0,11.27,0
1000,3.0,5.0,592.79,0
1001,0.0,10.0,668.7,0
1002,103.0,4.0,123.69,1
1003,5.0,9.0,715.55,0
1004,16.0,4.0,29.189999999999998,0
1005,470.0,2.0,77.02,1
1006,365.0,0.0,0.0,1
1007,3.0,5.0,168.14999999999998,0
1008,120.0,6.0,314.58000000000004,1
1009,123.0,7.0,319.65999999999997,1
1010,1.0,5.0,379.5,0
1011,18.0,4.0,378.05,0
1012,19.0,7.0,166.59,0
1013,1.0,3.0,135.7,0
1014,4.0,5.0,314.94,0
1015,153.0,3.0,152.67,1
1016,21.0,2.0,69.37,0
1017,6.0,4.0,195.01,0
1018,29.0,3.0,205.12,0
1019,5.0,5.0,334.33000000000004,0
1020,0.0,2.0,22.82,0
1021,6.0,6.0,123.54,0
1022,8.0,5.0,183.5,0
1023,10.0,3.0,157.45999999999998,0
1024,8.0,2.0,132.0,0
1025,21.0,5.0,201.96,0
1026,1.0,7.0,254.27,0
1027,17.0,4.0,191.88,0
1028,28.0,7.0,213.32,0
1029,3.0,5.0,371.62,0
1030,5.0,7.0,406.84000000000003,0
1031,0.0,5.0,160.65,0
1032,207.0,2.0,96.97,1
1033,1.0,8.0,338.95,0
1034,0.0,6.0,233.47,0
1035,4.0,10.0,613.33,0
1036,8.0,6.0,373.02,0
1037,21.0,3.0,209.43,0
1038,174.0,2.0,58.46,1
1039,6.0,3.0,151.50000000000003,0
1040,17.0,9.0,898.0,0
1041,128.0,3.0,200.7,1
1042,8.0,7.0,405.21,0
1043,18.0,7.0,703.28,0
1044,1.0,5.0,252.67000000000002,0
1045,37.0,10.0,501.05,0
1046,0.0,7.0,337.34000000000003,0
1047,2.0,6.0,367.9,0
1048,8.0,5.0,29.560000000000002,0
1049,7.0,2.0,200.06,0
1050,15.0,2.0,96.67,0
1051,5.0,5.0,222.38,0
1052,172.0,2.0,220.18,1
1053,11.0,6.0,479.52000000000004,0
1054,16.0,6.0,588.05,0
1055,16.0,4.0,495.40000000000003,0
1056,15.0,8.0,446.74,0
1057,386.0,1.0,5.17,1
1058,1.0,6.0,496.39,0
1059,11.0,5.0,328.64,0
1060,365.0,0.0,0.0,1
1061,5.0,5.0,316.48,0
1062,28.0,4.0,133.99,0
1063,404.0,2.0,44.86,1
1064,165.0,4.0,147.44,1
1065,5.0,5.0,197.80999999999997,0
1066,41.0,6.0,250.74,0
1067,49.0,8.0,351.7,0
1068,4.0,4.0,124.86,0
1069,8.0,6.0,538.43,0
1070,280.0,5.0,280.98,1
1071,33.0,9.0,370.57,0
1072,4.0,3.0,115.78,0
1073,18.0,7.0,242.51,0
1074,45.0,7.0,462.76,0
1075,5.0,3.0,111.69,0
1076,87.0,7.0,355.57,0
1077,27.0,6.0,210.6,0
1078,3.0,4.0,63.29,0
1079,10.0,6.0,260.46000000000004,0
1080,6.0,5.0,158.41,0
1081,21.0,5.0,248.01,0
1082,15.0,3.0,140.1,0
1083,23.0,5.0,93.33,0
1084,1.0,5.0,164.11,0
1085,1.0,5.0,302.22,0
1086,3.0,4.0,329.95,0
1087,53.0,5.0,139.61,0
1088,14.0,4.0,94.73,0
1089,12.0,4.0,223.24,0
1090,10.0,4.0,171.2,0
1091,12.0,5.0,196.44,0
1092,109.0,6.0,390.12,1
1093,0.0,6.0,290.5,0
1094,0.0,5.0,216.91,0
1095,1.0,5.0,210.64,0
1096,6.0,6.0,108.54,0
1097,184.0,5.0,228.14,1
1098,4.0,5.0,163.44,0
1099,2.0,3.0,215.29000000000002,0
1100,9.0,4.0,113.87,0
1101,3.0,9.0,558.16,0
1102,1.0,6.0,294.15999999999997,0
1103,9.0,4.0,144.99,0
1104,10.0,5.0,157.1,0
1105,29.0,1.0,22.95,0
1106,6.0,6.0,273.79,0
1107,3.0,7.0,386.74,0
1108,658.0,1.0,9.3,1
1109,13.0,5.0,249.05,0
1110,2.0,4.0,242.72,0
1111,163.0,4.0,207.72,1
1112,12.0,4.0,132.5,0
1113,7.0,5.0,190.70000000000002,0
1114,383.0,3.0,87.69,1
1115,8.0,6.0,283.15000000000003,0
1116,11.0,8.0,338.41,0
1117,0.0,5.0,318.32,0
1118,20.0,8.0,575.43,0
1119,6.0,5.0,201.35999999999999,0
1120,5.0,5.0,277.38,0
1121,17.0,7.0,563.16,0
1122,8.0,1.0,39.71,0
1123,2.0,3.0,160.79,0
1124,285.0,4.0,127.63000000000001,1
1125,0.0,5.0,371.37,0
1126,4.0,2.0,3.33,0
1127,1.0,8.0,250.66000000000003,0
1128,6.0,3.0,80.39,0
1129,17.0,3.0,111.35,0
1130,3.0,9.0,479.26,0
1131,48.0,5.0,158.06,0
1132,12.0,5.0,175.21,0
1133,8.0,6.0,189.03,0
1134,29.0,5.0,306.06,0
1135,0.0,4.0,247.57000000000002,0
1136,88.0,5.0,320.79999999999995,0
1137,3.0,5.0,255.98999999999998,0
1138,5.0,5.0,170.05,0
1139,39.0,3.0,114.29,0
1140,6.0,3.0,110.75999999999999,0
1141,100.0,10.0,474.76,1
1142,11.0,4.0,286.42,0
1143,26.0,5.0,214.35999999999999,0
1144,10.0,10.0,476.08,0
1145,30.0,2.0,74.07000000000001,0
1146,1.0,5.0,175.48999999999998,0
1147,12.0,9.0,323.55,0
1148,8.0,4.0,261.34,0
1149,6.0,4.0,216.38,0
1150,0.0,8.0,672.62,0
1151,20.0,3.0,25.28,0
1152,8.0,6.0,188.89999999999998,0
1153,110.0,4.0,224.57999999999998,1
1154,94.0,7.0,331.31,1
1155,365.0,0.0,0.0,1
1156,0.0,7.0,305.45,0
1157,274.0,4.0,198.08999999999997,1
1158,0.0,8.0,353.88,0
1159,136.0,5.0,357.8,1
1160,7.0,3.0,48.589999999999996,0
1161,52.0,1.0,62.54,0
1162,10.0,5.0,87.61,0
1163,6.0,6.0,229.63,0
1164,3.0,2.0,87.97999999999999,0
1165,112.0,7.0,440.34000000000003,1
1166,358.0,1.0,4.41,1
1167,70.0,1.0,40.9,0
1168,8.0,5.0,237.49,0
1169,43.0,1.0,133.01,0
1170,8.0,4.0,177.31,0
1171,25.0,7.0,403.65000000000003,0
1172,9.0,6.0,225.44,0
1173,1.0,6.0,296.51,0
1174,14.0,5.0,310.5,0
1175,0.0,8.0,288.01,0
1176,5.0,4.0,506.9,0
1177,26.0,3.0,215.73,0
1178,16.0,3.0,104.78,0
1179,5.0,4.0,308.62,0
1180,268.0,2.0,190.94,1
1181,8.0,8.0,424.7,0
1182,3.0,4.0,199.48,0
1183,5.0,2.0,37.53,0
1184,8.0,4.0,111.9,0
1185,10.0,6.0,316.07,0
1186,17.0,5.0,197.39999999999998,0
1187,0.0,8.0,326.53000000000003,0
1188,5.0,3.0,85.57,0
1189,14.0,2.0,43.08,0
1190,2.0,3.0,73.66,0
1191,12.0,1.0,23.53,0
1192,7.0,1.0,45.45,0
1193,391.0,1.0,78.8,1
1194,37.0,4.0,226.06,0
1195,6.0,6.0,258.69,0
1196,88.0,3.0,96.78,0
1197,365.0,0.0,0.0,1
1198,29.0,3.0,198.4,0
1199,676.0,1.0,19.99,1
1200,16.0,4.0,179.45,0
1201,5.0,4.0,101.03,0
1202,3.0,5.0,259.29,0
1203,4.0,3.0,166.05,0
1204,0.0,4.0,211.25,0
1205,1.0,8.0,633.75,0
1206,16.0,4.0,297.46,0
1207,18.0,3.0,133.82,0
1208,1.0,5.0,257.6,0
1209,18.0,5.0,100.16,0
1210,15.0,1.0,134.92,0
1211,257.0,6.0,403.59,1
1212,0.0,7.0,287.18,0
1213,3.0,10.0,932.4899999999999,0
1214,2.0,4.0,284.04999999999995,0
1215,3.0,5.0,365.53000000000003,0
1216,3.0,5.0,214.48000000000002,0
1217,172.0,4.0,81.80000000000001,1
1218,132.0,4.0,142.82,1
1219,1.0,4.0,130.92000000000002,0
1220,6.0,7.0,403.23,0
1221,1.0,4.0,187.78,0
1222,3.0,5.0,214.44,0
1223,7.0,4.0,226.51,0
1224,161.0,5.0,227.68,1
1225,0.0,9.0,523.68,0
1226,21.0,2.0,18.49,0
1227,10.0,6.0,398.52,0
1228,4.0,6.0,516.8199999999999,0
1229,5.0,3.0,106.92,0
1230,11.0,4.0,126.06,0
1231,3.0,11.0,415.05,0
1232,64.0,5.0,98.38,0
1233,17.0,9.0,318.52,0
1234,6.0,5.0,196.04000000000002,0
1235,344.0,2.0,35.75,1
1236,10.0,8.0,601.76,0
1237,11.0,4.0,115.28,0
1238,365.0,0.0,0.0,1
1239,0.0,5.0,285.5,0
1240,300.0,3.0,78.61,1
1241,27.0,2.0,337.41999999999996,0
1242,20.0,7.0,324.97,0
1243,1.0,3.0,81.18,0
1244,7.0,9.0,1049.0,0
1245,24.0,1.0,22.87,0
1246,19.0,2.0,46.199999999999996,0
1247,17.0,8.0,509.82,0
1248,131.0,1.0,97.8,1
1249,1.0,3.0,216.29999999999998,0
1250,10.0,7.0,235.18,0
1251,5.0,3.0,190.39,0
1252,2.0,7.0,749.08,0
1253,6.0,9.0,198.10999999999999,0
1254,1.0,3.0,50.599999999999994,0
1255,122.0,4.0,121.17,1
1256,62.0,4.0,311.55,0
1257,21.0,4.0,211.69,0
1258,5.0,3.0,353.34,0
1259,4.0,5.0,121.11,0
1260,13.0,5.0,216.67000000000002,0
1261,10.0,6.0,296.21000000000004,0
1262,0.0,4.0,214.63,0
1263,17.0,4.0,230.06,0
1264,5.0,4.0,113.53,0
1265,0.0,4.0,124.1,0
1266,6.0,9.0,293.52,0
1267,0.0,6.0,358.97,0
1268,44.0,2.0,100.68,0
1269,4.0,1.0,17.37,0
1270,9.0,5.0,270.93,0
1271,1.0,6.0,181.73000000000002,0
1272,27.0,4.0,132.05,0
1273,2.0,9.0,263.25,0
1274,0.0,5.0,130.97,0
1275,3.0,5.0,280.55,0
1276,8.0,3.0,458.59,0
1277,19.0,2.0,104.61,0
1278,6.0,1.0,35.37,0
1279,16.0,2.0,73.39,0
1280,1.0,5.0,276.37,0
1281,7.0,7.0,411.69,0
1282,9.0,4.0,116.19,0
1283,118.0,6.0,270.7,1
1284,107.0,6.0,346.2,1
1285,6.0,4.0,216.95999999999998,0
1286,16.0,4.0,214.10000000000002,0
1287,14.0,5.0,268.18,0
1288,7.0,3.0,92.16,0
1289,247.0,6.0,147.28,1
1290,20.0,3.0,152.38,0
1291,14.0,3.0,226.46,0
1292,10.0,4.0,211.34,0
1293,10.0,1.0,29.23,0
1294,187.0,4.0,128.61,1
1295,133.0,3.0,174.87,1
1296,4.0,7.0,362.63,0
1297,55.0,4.0,182.72,0
1298,55.0,5.0,291.34000000000003,0
1299,15.0,3.0,217.94,0
1300,17.0,11.0,390.75,0
1301,1.0,3.0,49.260000000000005,0
1302,19.0,2.0,66.67,0
1303,8.0,4.0,196.07999999999998,0
1304,3.0,7.0,334.66,0
1305,2.0,9.0,390.95,0
1306,7.0,1.0,55.9,0
1307,4.0,6.0,286.8,0
1308,17.0,11.0,611.91,0
1309,17.0,4.0,151.38,0
1310,2.0,8.0,482.93,0
1311,0.0,6.0,388.6,0
1312,113.0,3.0,96.32,1
1313,23.0,2.0,143.77,0
1314,19.0,3.0,105.14999999999999,0
1315,3.0,5.0,253.05,0
1316,7.0,6.0,185.74,0
1317,8.0,4.0,102.56,0
1318,0.0,6.0,397.51,0
1319,2.0,7.0,261.17,0
1320,7.0,5.0,218.20999999999998,0
1321,0.0,5.0,434.44,0
1322,34.0,4.0,261.04,0
1323,200.0,7.0,357.51,1
1324,165.0,1.0,23.05,1
1325,0.0,5.0,279.15,0
1326,10.0,5.0,258.91999999999996,0
1327,2.0,11.0,679.18,0
1328,29.0,6.0,331.55,0
1329,352.0,3.0,151.99,1
1330,8.0,6.0,333.88,0
1331,12.0,4.0,147.08999999999997,0
1332,6.0,3.0,136.81,0
1333,3.0,2.0,3.75,0
1334,1.0,7.0,480.82000000000005,0
1335,0.0,4.0,214.5,0
1336,6.0,5.0,180.59,0
1337,11.0,6.0,275.55,0
1338,13.0,4.0,352.22,0
1339,3.0,4.0,180.97,0
1340,126.0,2.0,268.02,1
1341,167.0,2.0,152.92999999999998,1
1342,20.0,4.0,75.0,0
1343,0.0,2.0,74.46000000000001,0
1344,21.0,3.0,91.9,0
1345,5.0,6.0,395.52,0
1346,1.0,9.0,239.22,0
1347,29.0,5.0,378.83000000000004,0
1348,23.0,4.0,155.01,0
1349,3.0,12.0,545.77,0
1350,11.0,7.0,595.57,0
1351,0.0,5.0,392.59000000000003,0
1352,4.0,4.0,79.61,0
1353,20.0,6.0,185.07,0
1354,1.0,5.0,98.39,0
1355,2.0,6.0,231.51,0
1356,114.0,2.0,289.93,1
1357,239.0,7.0,191.8,1
1358,4.0,5.0,294.2,0
1359,0.0,5.0,174.45,0
1360,2.0,6.0,250.18,0
1361,5.0,3.0,214.19,0
1362,7.0,7.0,239.46,0
1363,74.0,2.0,92.35,0
1364,8.0,5.0,208.35999999999999,0
1365,4.0,6.0,347.71,0
1366,21.0,3.0,161.61,0
1367,21.0,2.0,116.13000000000001,0
1368,20.0,5.0,218.36,0
1369,2.0,4.0,331.67,0
1370,0.0,9.0,497.84999999999997,0
1371,6.0,6.0,121.4,0
1372,1.0,10.0,653.3100000000001,0
1373,1.0,5.0,255.33,0
1374,5.0,9.0,254.47,0
1375,1.0,2.0,13.530000000000001,0
1376,9.0,6.0,138.73,0
1377,365.0,0.0,0.0,1
1378,10.0,6.0,245.92,0
1379,23.0,5.0,361.97,0
1380,208.0,1.0,7.55,1
1381,15.0,3.0,154.94,0
1382,118.0,3.0,65.61,1
1383,6.0,4.0,211.85,0
1384,17.0,4.0,151.14999999999998,0
1385,110.0,2.0,10.139999999999999,1
1386,9.0,5.0,188.33,0
1387,6.0,7.0,237.82,0
1388,1.0,9.0,369.7,0
1389,23.0,5.0,197.0,0
1390,3.0,5.0,210.07,0
1391,29.0,4.0,121.69,0
1392,6.0,4.0,234.06,0
1393,14.0,4.0,114.62,0
1394,5.0,7.0,282.56,0
1395,13.0,4.0,80.55,0
1396,21.0,4.0,121.5,0
1397,18.0,5.0,244.48,0
1398,11.0,4.0,127.43,0
1399,2.0,7.0,226.32,0
1400,0.0,6.0,238.7,0
1401,26.0,4.0,105.01,0
1402,2.0,6.0,216.20999999999998,0
1403,3.0,5.0,174.4,0
1404,18.0,6.0,412.52,0
1405,12.0,3.0,134.12,0
1406,3.0,6.0,168.21,0
1407,28.0,4.0,46.13,0
1408,72.0,10.0,330.66999999999996,0
1409,4.0,4.0,389.19,0
1410,21.0,3.0,45.75,0
1411,249.0,2.0,28.020000000000003,1
1412,2.0,4.0,220.56,0
1413,0.0,3.0,128.15,0
1414,17.0,7.0,206.78,0
1415,28.0,4.0,75.69,0
1416,483.0,1.0,66.86,1
1417,48.0,5.0,136.55,0
1418,101.0,8.0,332.28,1
1419,165.0,2.0,209.06,1
1420,8.0,4.0,110.56,0
1421,105.0,6.0,480.84000000000003,1
1422,27.0,3.0,54.35,0
1423,1.0,7.0,367.37,0
1424,21.0,6.0,310.53,0
1425,9.0,13.0,1002.74,0
1426,5.0,5.0,239.95,0
1427,6.0,1.0,37.91,0
1428,19.0,1.0,71.43,0
1429,1.0,4.0,139.84,0
1430,1.0,6.0,359.88,0
1431,9.0,8.0,478.40999999999997,0
1432,72.0,8.0,552.31,0
1433,2.0,2.0,73.47,0
1434,1.0,6.0,227.32999999999998,0
1435,2.0,3.0,59.05,0
1436,22.0,5.0,301.01,0
1437,7.0,7.0,242.14,0
1438,0.0,3.0,43.620000000000005,0
1439,1.0,7.0,304.34999999999997,0
1440,2.0,1.0,30.84,0
1441,5.0,5.0,188.0,0
1442,35.0,7.0,142.14,0
1443,3.0,5.0,425.5,0
1444,0.0,4.0,180.69,0
1445,3.0,9.0,386.56,0
1446,153.0,7.0,466.47,1
1447,5.0,1.0,33.29,0
1448,0.0,4.0,268.67,0
1449,365.0,0.0,0.0,1
1450,2.0,6.0,290.54,0
1451,2.0,8.0,585.85,0
1452,19.0,6.0,247.67000000000002,0
1453,1.0,4.0,251.79,0
1454,5.0,4.0,548.12,0
1455,19.0,5.0,268.03999999999996,0
1456,6.0,7.0,417.04,0
1457,4.0,4.0,245.35,0
1458,7.0,5.0,302.11,0
1459,6.0,4.0,190.29999999999998,0
1460,116.0,4.0,306.98,1
1461,6.0,4.0,226.25000000000003,0
1462,0.0,9.0,369.67,0
1463,1.0,7.0,261.21,0
1464,21.0,3.0,114.87,0
1465,6.0,4.0,390.14,0
1466,2.0,6.0,260.31,0
1467,118.0,4.0,91.75,1
1468,30.0,5.0,271.75,0
1469,365.0,0.0,0.0,1
1470,365.0,0.0,0.0,1
1471,155.0,3.0,162.21999999999997,1
1472,17.0,6.0,218.69,0
1473,0.0,4.0,266.78,0
1474,1.0,5.0,305.23,0
1475,6.0,8.0,468.29999999999995,0
1476,11.0,6.0,314.1,0
1477,1.0,6.0,338.53000000000003,0
1478,16.0,7.0,214.26000000000002,0
1479,12.0,5.0,273.78999999999996,0
1480,10.0,5.0,147.03,0
1481,131.0,5.0,360.11,1
1482,122.0,2.0,110.05,1
1483,32.0,6.0,220.76999999999998,0
1484,2.0,6.0,228.97,0
1485,19.0,3.0,209.84,0
1486,2.0,4.0,198.63000000000002,0
1487,23.0,5.0,237.60000000000002,0
1488,28.0,2.0,197.88,0
1489,19.0,5.0,378.62,0
1490,5.0,8.0,363.07,0
1491,22.0,6.0,403.92,0
1492,4.0,6.0,162.79000000000002,0
1493,0.0,3.0,259.08,0
1494,0.0,3.0,76.69999999999999,0
1495,3.0,4.0,152.26,0
1496,79.0,3.0,87.84,0
1497,254.0,5.0,100.03,1
1498,126.0,7.0,536.47,1
1499,52.0,3.0,221.6,0
1500,61.0,4.0,252.98,0
1501,12.0,9.0,370.65,0
1502,7.0,4.0,122.98,0
1503,0.0,4.0,147.37,0
1504,5.0,4.0,139.31,0
1505,4.0,5.0,310.91,0
1506,9.0,4.0,161.45000000000002,0
1507,0.0,6.0,335.09000000000003,0
1508,107.0,1.0,30.5,1
1509,6.0,4.0,190.67000000000002,0
1510,16.0,4.0,274.46999999999997,0
1511,60.0,4.0,359.35,0
1512,32.0,3.0,249.45000000000002,0
1513,8.0,4.0,243.24,0
1514,4.0,8.0,374.5,0
1515,2.0,8.0,544.0,0
1516,2.0,7.0,262.15999999999997,0
1517,9.0,2.0,24.52,0
1518,5.0,3.0,116.59,0
1519,6.0,7.0,360.25,0
1520,1.0,5.0,257.27,0
1521,6.0,3.0,11.91,0
1522,12.0,4.0,201.82000000000002,0
1523,2.0,5.0,102.81,0
1524,22.0,3.0,200.78,0
1525,1.0,4.0,202.03,0
1526,1.0,5.0,125.49000000000001,0
1527,4.0,9.0,265.85,0
1528,2.0,8.0,399.12,0
1529,12.0,3.0,79.13,0
1530,1.0,7.0,248.07,0
1531,11.0,4.0,440.70000000000005,0
1532,3.0,8.0,513.0,0
1533,15.0,6.0,286.15,0
1534,6.0,3.0,285.25,0
1535,17.0,5.0,346.99,0
1536,6.0,7.0,583.83,0
1537,8.0,7.0,291.95,0
1538,11.0,3.0,42.11,0
1539,3.0,3.0,96.3,0
1540,5.0,11.0,633.9200000000001,0
1541,0.0,10.0,358.01,0
1542,7.0,6.0,306.97,0
1543,109.0,3.0,143.08999999999997,1
1544,20.0,7.0,385.87,0
1545,0.0,6.0,297.25,0
1546,4.0,4.0,86.01,0
1547,1.0,9.0,261.82,0
1548,8.0,3.0,68.48,0
1549,1.0,7.0,486.28999999999996,0
1550,2.0,2.0,104.27,0
1551,3.0,4.0,175.95,0
1552,7.0,6.0,312.84000000000003,0
1553,14.0,2.0,61.25,0
1554,6.0,7.0,468.06,0
1555,3.0,7.0,275.7,0
1556,1.0,8.0,259.70000000000005,0
1557,210.0,7.0,544.76,1
1558,16.0,5.0,217.35,0
1559,1.0,2.0,82.41,0
1560,3.0,3.0,230.63,0
1561,22.0,2.0,126.86,0
1562,24.0,2.0,66.55,0
1563,151.0,5.0,294.8,1
1564,122.0,4.0,230.64999999999998,1
1565,27.0,3.0,33.43,0
1566,175.0,4.0,95.53,1
1567,41.0,6.0,418.89,0
1568,2.0,5.0,232.61,0
1569,68.0,3.0,52.97,0
1570,2.0,9.0,288.38,0
1571,2.0,7.0,335.55,0
1572,1.0,3.0,88.72,0
1573,132.0,4.0,243.68,1
1574,17.0,5.0,330.61,0
1575,442.0,2.0,64.82,1
1576,135.0,6.0,287.24,1
1577,49.0,3.0,150.13,0
1578,0.0,5.0,88.77,0
1579,5.0,4.0,97.19000000000001,0
1580,17.0,2.0,82.65,0
1581,1.0,4.0,166.01999999999998,0
1582,1.0,3.0,159.16,0
1583,22.0,5.0,88.75999999999999,0
1584,2.0,8.0,277.59,0
1585,2.0,6.0,447.56,0
1586,9.0,4.0,152.33,0
1587,8.0,5.0,219.62,0
1588,139.0,8.0,596.43,1
1589,3.0,5.0,197.92000000000002,0
1590,22.0,5.0,160.56,0
1591,23.0,5.0,201.16,0
1592,8.0,3.0,148.12,0
1593,58.0,3.0,180.03,0
1594,3.0,2.0,125.59,0
1595,324.0,4.0,66.78,1
1596,4.0,7.0,297.09,0
1597,22.0,4.0,248.95999999999998,0
1598,4.0,6.0,180.65,0
1599,5.0,3.0,269.99,0
1600,169.0,3.0,98.47,1
1601,5.0,1.0,154.16,0
1602,11.0,4.0,391.83000000000004,0
1603,77.0,1.0,22.42,0
1604,8.0,3.0,94.13999999999999,0
1605,13.0,5.0,319.82,0
1606,141.0,8.0,302.67,1
1607,17.0,3.0,57.97,0
1608,22.0,3.0,172.47,0
1609,6.0,10.0,454.97,0
1610,4.0,6.0,308.96,0
1611,6.0,6.0,253.85000000000002,0
1612,16.0,3.0,166.04,0
1613,19.0,8.0,355.46999999999997,0
1614,2.0,3.0,250.49,0
1615,9.0,3.0,355.44,0
1616,5.0,8.0,432.8,0
1617,20.0,3.0,144.36,0
1618,161.0,3.0,50.06,1
1619,18.0,5.0,364.37,0
1620,9.0,8.0,360.65,0
1621,5.0,6.0,296.13,0
1622,1.0,1.0,58.91,0
1623,19.0,4.0,404.17999999999995,0
1624,1.0,5.0,169.42,0
1625,4.0,6.0,346.23,0
1626,0.0,4.0,294.27,0
1627,7.0,3.0,131.5,0
1628,4.0,3.0,165.07,0
1629,10.0,5.0,116.49,0
1630,2.0,6.0,510.28999999999996,0
1631,1.0,7.0,364.92,0
1632,4.0,3.0,106.11,0
1633,140.0,3.0,61.41,1
1634,177.0,6.0,351.2,1
1635,5.0,7.0,430.01,0
1636,4.0,6.0,407.98,0
1637,2.0,3.0,156.9,0
1638,11.0,4.0,199.76,0
1639,0.0,3.0,234.56,0
1640,4.0,6.0,332.23,0
1641,117.0,3.0,191.96,1
1642,7.0,6.0,187.78,0
1643,7.0,5.0,255.76000000000002,0
1644,4.0,4.0,123.55,0
1645,18.0,5.0,218.82,0
1646,2.0,3.0,106.61000000000001,0
1647,0.0,11.0,657.83,0
1648,17.0,5.0,193.42000000000002,0
1649,6.0,7.0,300.93,0
1650,46.0,3.0,50.51,0
1651,1.0,6.0,316.82,0
1652,158.0,1.0,36.87,1
1653,75.0,4.0,172.17000000000002,0
1654,1.0,4.0,173.14,0
1655,7.0,6.0,421.92,0
1656,5.0,6.0,437.73,0
1657,2.0,5.0,224.51,0
1658,29.0,4.0,61.269999999999996,0
1659,7.0,3.0,138.92000000000002,0
1660,4.0,5.0,100.6,0
1661,7.0,5.0,393.59000000000003,0
1662,12.0,6.0,194.43,0
1663,3.0,6.0,125.61,0
1664,1.0,5.0,227.31,0
1665,9.0,7.0,410.01,0
1666,26.0,5.0,247.87,0
1667,17.0,2.0,74.59,0
1668,4.0,4.0,203.15,0
1669,184.0,4.0,43.56,1
1670,12.0,5.0,248.42,0
1671,5.0,7.0,677.89,0
1672,11.0,3.0,225.98000000000002,0
1673,10.0,6.0,412.72,0
1674,4.0,4.0,288.32,0
1675,11.0,2.0,62.88,0
1676,1.0,4.0,186.25,0
1677,4.0,3.0,158.78,0
1678,0.0,4.0,373.9,0
1679,122.0,6.0,327.1,1
1680,5.0,7.0,363.28,0
1681,12.0,5.0,242.95000000000002,0
1682,7.0,4.0,257.83,0
1683,3.0,6.0,207.65,0
1684,168.0,3.0,86.42,1
1685,124.0,3.0,125.72,1
1686,0.0,3.0,50.78,0
1687,18.0,2.0,87.03,0
1688,8.0,9.0,463.85,0
1689,8.0,4.0,252.51,0
1690,19.0,8.0,432.84000000000003,0
1691,2.0,3.0,81.48,0
1692,20.0,6.0,235.99,0
1693,3.0,7.0,419.90000000000003,0
1694,522.0,2.0,59.7,1
1695,2.0,7.0,439.27,0
1696,4.0,9.0,508.1,0
1697,34.0,5.0,238.23999999999998,0
1698,15.0,4.0,177.18,0
1699,4.0,6.0,275.64,0
1700,6.0,7.0,214.34,0
1701,1.0,6.0,444.13,0
1702,5.0,5.0,211.38,0
1703,20.0,1.0,48.53,0
1704,18.0,4.0,198.45,0
1705,12.0,8.0,343.45,0
1706,0.0,5.0,305.94,0
1707,11.0,6.0,190.04,0
1708,27.0,3.0,106.76,0
1709,5.0,8.0,237.8,0
1710,3.0,3.0,273.09999999999997,0
1711,3.0,8.0,219.12,0
1712,11.0,6.0,313.86,0
1713,215.0,3.0,261.54,1
1714,10.0,5.0,194.7,0
1715,2.0,4.0,65.38999999999999,0
1716,0.0,6.0,424.18,0
1717,4.0,2.0,73.21000000000001,0
1718,20.0,6.0,228.27,0
1719,142.0,2.0,66.11,1
1720,5.0,3.0,103.41,0
1721,29.0,1.0,125.13,0
1722,2.0,5.0,133.55,0
1723,6.0,7.0,284.38,0
1724,425.0,2.0,34.28,1
1725,7.0,2.0,189.46999999999997,0
1726,11.0,2.0,232.65,0
1727,0.0,7.0,185.59,0
1728,0.0,4.0,133.09,0
1729,8.0,9.0,430.96000000000004,0
1730,11.0,6.0,375.04,0
1731,20.0,8.0,344.0,0
1732,6.0,6.0,233.38,0
1733,30.0,5.0,319.02,0
1734,100.0,3.0,86.99000000000001,1
1735,13.0,4.0,96.50999999999999,0
1736,16.0,11.0,543.12,0
1737,5.0,6.0,201.62,0
1738,8.0,2.0,57.730000000000004,0
1739,7.0,7.0,144.52,0
1740,365.0,0.0,0.0,1
1741,0.0,6.0,460.68999999999994,0
1742,2.0,6.0,532.68,0
1743,39.0,6.0,191.66,0
1744,2.0,5.0,382.52,0
1745,3.0,4.0,476.31,0
1746,24.0,2.0,76.11000000000001,0
1747,308.0,5.0,354.12,1
1748,235.0,3.0,54.57,1
1749,71.0,3.0,160.78,0
1750,11.0,3.0,209.82,0
1751,2.0,5.0,251.17000000000002,0
1752,202.0,3.0,295.84000000000003,1
1753,2.0,10.0,377.82,0
1754,3.0,4.0,176.45,0
1755,14.0,4.0,112.67,0
1756,22.0,3.0,80.00999999999999,0
1757,1.0,5.0,279.21000000000004,0
1758,1.0,5.0,228.7,0
1759,8.0,7.0,329.03,0
1760,21.0,3.0,131.45,0
1761,2.0,6.0,396.5,0
1762,4.0,5.0,157.97,0
1763,11.0,8.0,368.74,0
1764,0.0,7.0,325.57,0
1765,67.0,4.0,109.98,0
1766,2.0,4.0,277.29,0
1767,5.0,6.0,210.39,0
1768,10.0,3.0,115.69,0
1769,5.0,3.0,94.14,0
1770,19.0,3.0,90.05000000000001,0
1771,2.0,6.0,355.7,0
1772,17.0,5.0,97.05,0
1773,17.0,3.0,105.32,0
1774,4.0,4.0,240.92000000000002,0
1775,9.0,3.0,221.8,0
1776,6.0,5.0,283.28000000000003,0
1777,14.0,9.0,549.97,0
1778,174.0,4.0,221.24,1
1779,27.0,5.0,276.82,0
1780,11.0,7.0,212.42,0
1781,2.0,4.0,121.56,0
1782,2.0,7.0,216.4,0
1783,4.0,4.0,368.75,0
1784,40.0,6.0,440.4,0
1785,12.0,4.0,222.26000000000002,0
1786,2.0,6.0,212.27,0
1787,0.0,3.0,105.22,0
1788,8.0,7.0,310.24,0
1789,1.0,7.0,427.62,0
1790,80.0,2.0,15.45,0
1791,0.0,9.0,469.87,0
1792,14.0,7.0,371.82,0
1793,0.0,5.0,169.96,0
1794,12.0,4.0,165.42000000000002,0
1795,2.0,9.0,461.46999999999997,0
1796,4.0,4.0,181.05,0
1797,4.0,3.0,179.39,0
1798,2.0,5.0,208.31,0
1799,0.0,6.0,289.68,0
1800,22.0,5.0,182.86999999999998,0
1801,28.0,2.0,53.93,0
1802,211.0,2.0,50.35,1
1803,4.0,5.0,291.7,0
1804,7.0,7.0,238.21,0
1805,244.0,2.0,63.54,1
1806,24.0,3.0,94.13,0
1807,6.0,4.0,224.85999999999999,0
1808,125.0,7.0,254.94,1
1809,3.0,8.0,318.8,0
1810,5.0,2.0,81.94,0
1811,0.0,7.0,216.48,0
1812,7.0,7.0,316.89,0
1813,11.0,3.0,269.93,0
1814,4.0,2.0,23.509999999999998,0
1815,1.0,6.0,506.61,0
1816,8.0,3.0,275.23999999999995,0
1817,18.0,3.0,149.83,0
1818,53.0,6.0,299.39,0
1819,16.0,5.0,250.13,0
1820,7.0,5.0,292.15999999999997,0
1821,2.0,9.0,306.38,0
1822,26.0,3.0,139.63,0
1823,23.0,4.0,296.18,0
1824,4.0,6.0,137.78,0
1825,0.0,8.0,439.26,0
1826,6.0,4.0,246.3,0
1827,12.0,10.0,482.27,0
1828,2.0,10.0,494.33,0
1829,23.0,7.0,568.72,0
1830,14.0,6.0,201.52,0
1831,17.0,6.0,450.05,0
1832,2.0,7.0,188.04,0
1833,0.0,10.0,448.59000000000003,0
1834,6.0,7.0,506.29999999999995,0
1835,17.0,4.0,291.88,0
1836,460.0,1.0,184.03,1
1837,3.0,4.0,253.91,0
1838,365.0,0.0,0.0,1
1839,4.0,4.0,119.32,0
1840,27.0,5.0,303.91999999999996,0
1841,1.0,6.0,215.79000000000002,0
1842,5.0,4.0,102.4,0
1843,105.0,2.0,128.8,1
1844,29.0,4.0,247.77999999999997,0
1845,4.0,6.0,349.35999999999996,0
1846,13.0,4.0,265.37,0
1847,97.0,2.0,309.0,1
1848,18.0,5.0,131.41,0
1849,18.0,6.0,131.95,0
1850,10.0,3.0,104.67999999999999,0
1851,3.0,3.0,100.92999999999999,0
1852,28.0,2.0,350.55,0
1853,13.0,7.0,577.1600000000001,0
1854,0.0,6.0,367.89000000000004,0
1855,4.0,7.0,311.28,0
1856,6.0,8.0,228.54000000000002,0
1857,2.0,7.0,175.01,0
1858,1.0,5.0,132.62,0
1859,2.0,3.0,252.64999999999998,0
1860,149.0,5.0,161.32,1
1861,1.0,6.0,280.59000000000003,0
1862,306.0,4.0,199.84,1
1863,2.0,6.0,261.53,0
1864,0.0,5.0,329.21,0
1865,1.0,6.0,411.25,0
1866,23.0,5.0,344.33,0
1867,6.0,3.0,338.01,0
1868,0.0,10.0,293.59000000000003,0
1869,17.0,1.0,6.14,0
1870,5.0,6.0,136.01999999999998,0
1871,0.0,3.0,56.870000000000005,0
1872,5.0,6.0,258.09,0
1873,178.0,1.0,3.19,1
1874,18.0,2.0,57.25,0
1875,4.0,5.0,304.59000000000003,0
1876,2.0,9.0,238.69,0
1877,27.0,6.0,259.79,0
1878,128.0,3.0,106.6,1
1879,1.0,10.0,363.72999999999996,0
1880,6.0,4.0,138.93,0
1881,0.0,4.0,144.71,0
1882,16.0,9.0,408.75,0
1883,47.0,7.0,819.26,0
1884,164.0,6.0,350.52,1
1885,5.0,6.0,134.26999999999998,0
1886,319.0,3.0,160.82999999999998,1
1887,25.0,8.0,901.0799999999999,0
1888,3.0,6.0,288.04999999999995,0
1889,21.0,8.0,278.55,0
1890,2.0,8.0,237.61,0
1891,1.0,9.0,349.41,0
1892,5.0,6.0,186.59,0
1893,4.0,4.0,127.85,0
1894,8.0,4.0,205.81,0
1895,11.0,6.0,110.22,0
1896,1.0,8.0,635.88,0
1897,0.0,10.0,1068.49,0
1898,2.0,3.0,180.19,0
1899,111.0,6.0,404.96,1
1900,2.0,5.0,216.72,0
1901,7.0,3.0,187.38,0
1902,2.0,2.0,114.11,0
1903,39.0,5.0,368.74,0
1904,8.0,8.0,235.95999999999998,0
1905,4.0,6.0,396.97999999999996,0
1906,7.0,8.0,496.8,0
1907,2.0,6.0,105.6,0
1908,16.0,3.0,146.12,0
1909,1.0,3.0,40.26,0
1910,5.0,6.0,348.90000000000003,0
1911,85.0,7.0,273.51,0
1912,15.0,10.0,761.04,0
1913,15.0,4.0,268.90000000000003,0
1914,19.0,9.0,433.82,0
1915,10.0,2.0,13.59,0
1916,181.0,2.0,69.21,1
1917,0.0,9.0,650.5799999999999,0
1918,0.0,5.0,302.81,0
1919,124.0,4.0,244.16,1
1920,60.0,2.0,146.69,0
1921,68.0,10.0,411.74,0
1922,1.0,4.0,367.22,0
1923,52.0,10.0,688.9399999999999,0
1924,165.0,3.0,268.08000000000004,1
1925,23.0,2.0,105.32000000000001,0
1926,11.0,8.0,287.54,0
1927,125.0,3.0,48.96,1
1928,0.0,8.0,344.65999999999997,0
1929,18.0,2.0,162.88,0
1930,19.0,4.0,187.78,0
1931,51.0,4.0,318.34999999999997,0
1932,15.0,5.0,118.78999999999999,0
1933,30.0,4.0,98.89,0
1934,1.0,8.0,331.81,0
1935,35.0,7.0,201.4,0
1936,5.0,6.0,210.55,0
1937,312.0,5.0,115.74000000000001,1
1938,25.0,3.0,14.979999999999999,0
1939,0.0,5.0,469.77,0
1940,24.0,7.0,197.55,0
1941,4.0,4.0,117.81,0
1942,7.0,7.0,421.75,0
1943,14.0,7.0,366.5,0
1944,7.0,2.0,20.36,0
1945,2.0,6.0,250.67000000000002,0
1946,8.0,3.0,191.92000000000002,0
1947,391.0,4.0,208.34,1
1948,128.0,4.0,137.82999999999998,1
1949,6.0,4.0,153.5,0
1950,4.0,5.0,386.36,0
1951,365.0,0.0,0.0,1
1952,0.0,5.0,197.62,0
1953,27.0,2.0,24.91,0
1954,22.0,4.0,97.98,0
1955,12.0,5.0,254.60999999999999,0
1956,1.0,6.0,171.12,0
1957,20.0,3.0,308.51,0
1958,8.0,5.0,188.22,0
1959,231.0,3.0,178.78,1
1960,7.0,3.0,89.64,0
1961,28.0,5.0,374.85,0
1962,11.0,3.0,27.55,0
1963,0.0,6.0,245.77999999999997,0
1964,539.0,3.0,102.72,1
1965,121.0,2.0,104.58,1
1966,0.0,4.0,326.45,0
1967,9.0,5.0,363.38,0
1968,244.0,5.0,112.67,1
1969,4.0,7.0,260.92,0
1970,5.0,4.0,247.93,0
1971,15.0,3.0,122.13999999999999,0
1972,554.0,1.0,65.18,1
1973,1.0,4.0,92.86,0
1974,166.0,4.0,188.73,1
1975,226.0,5.0,193.86,1
1976,23.0,6.0,364.39,0
1977,142.0,4.0,315.35,1
1978,4.0,5.0,137.25,0
1979,0.0,5.0,190.82999999999998,0
1980,136.0,2.0,162.63,1
1981,14.0,1.0,40.07,0
1982,1.0,7.0,309.55,0
1983,0.0,5.0,236.81,0
1984,5.0,6.0,328.43,0
1985,7.0,4.0,209.48000000000002,0
1986,5.0,12.0,836.33,0
1987,45.0,4.0,249.54,0
1988,8.0,6.0,330.05,0
1989,11.0,4.0,136.93,0
1990,8.0,6.0,297.39,0
1991,13.0,4.0,136.04,0
1992,3.0,6.0,426.40999999999997,0
1993,60.0,6.0,124.76,0
1994,5.0,1.0,351.16,0
1995,2.0,6.0,156.23,0
1996,9.0,6.0,317.79,0
1997,6.0,5.0,284.12,0
1998,60.0,2.0,59.06,0
1999,4.0,6.0,166.09,0
2000,23.0,8.0,439.72,0
